zone,block,train_start,train_end,test_start,test_end,min_margin,worst_hour
z02,9,2012-11-28,2013-02-25,2013-02-26,2013-03-27,0.0588483475980488,11
z02,21,2013-11-23,2014-02-20,2014-02-21,2014-03-22,0.0558011173097237,11
z02,8,2012-10-29,2013-01-26,2013-01-27,2013-02-25,0.0537778911774065,11
z02,22,2013-12-23,2014-03-22,2014-03-23,2014-04-21,0.04399066214164571,11
z02,20,2013-10-24,2014-01-21,2014-01-22,2014-02-20,0.04179507443440289,11
z02,10,2012-12-28,2013-03-27,2013-03-28,2013-04-26,0.04128044380686702,11
z02,23,2014-01-22,2014-04-21,2014-04-22,2014-05-21,0.029723073795282495,11
z02,7,2012-09-29,2012-12-27,2012-12-28,2013-01-26,0.026214302663563727,11
z02,19,2013-09-24,2013-12-22,2013-12-23,2014-01-21,0.024725455584152956,11
z03,21,2013-11-23,2014-02-20,2014-02-21,2014-03-22,0.024197455933820278,11
z01,21,2013-11-23,2014-02-20,2014-02-21,2014-03-22,0.02228863714038809,11
z03,20,2013-10-24,2014-01-21,2014-01-22,2014-02-20,0.021619557837268655,11
z03,9,2012-11-28,2013-02-25,2013-02-26,2013-03-27,0.021130392763773154,11
z01,20,2013-10-24,2014-01-21,2014-01-22,2014-02-20,0.020737862224693204,11
z03,8,2012-10-29,2013-01-26,2013-01-27,2013-02-25,0.019913933979142318,11
z01,9,2012-11-28,2013-02-25,2013-02-26,2013-03-27,0.018658258283423157,11
z03,22,2013-12-23,2014-03-22,2014-03-23,2014-04-21,0.018499239349284657,11
z01,8,2012-10-29,2013-01-26,2013-01-27,2013-02-25,0.01693739559443852,11
z01,22,2013-12-23,2014-03-22,2014-03-23,2014-04-21,0.01658243422811334,11
z03,10,2012-12-28,2013-03-27,2013-03-28,2013-04-26,0.014775625968314499,11
z01,10,2012-12-28,2013-03-27,2013-03-28,2013-04-26,0.013105956172002609,11
z02,11,2013-01-27,2013-04-26,2013-04-27,2013-05-26,0.012847150935253904,11
z03,19,2013-09-24,2013-12-22,2013-12-23,2014-01-21,0.01218600498968092,11
z03,7,2012-09-29,2012-12-27,2012-12-28,2013-01-26,0.011739056364715506,11
z01,19,2013-09-24,2013-12-22,2013-12-23,2014-01-21,0.01138212187364851,11
z03,23,2014-01-22,2014-04-21,2014-04-22,2014-05-21,0.010699112984037251,11
z01,7,2012-09-29,2012-12-27,2012-12-28,2013-01-26,0.009698268727519332,11
z01,23,2014-01-22,2014-04-21,2014-04-22,2014-05-21,0.008956902617132778,11
z02,6,2012-08-30,2012-11-27,2012-11-28,2012-12-27,0.00790792736688073,11
z02,18,2013-08-25,2013-11-22,2013-11-23,2013-12-22,0.005988651291306546,11
z03,11,2013-01-27,2013-04-26,2013-04-27,2013-05-26,0.005787357950041816,11
z02,24,2014-02-21,2014-05-21,2014-05-22,2014-06-20,0.0057250275084004265,11
z01,11,2013-01-27,2013-04-26,2013-04-27,2013-05-26,0.0051282004018931016,11
z03,6,2012-08-30,2012-11-27,2012-11-28,2012-12-27,0.004648820355047656,11
z01,6,2012-08-30,2012-11-27,2012-11-28,2012-12-27,0.0036175770743400726,11
z03,18,2013-08-25,2013-11-22,2013-11-23,2013-12-22,0.0031099844884181493,11
z01,18,2013-08-25,2013-11-22,2013-11-23,2013-12-22,0.002873184403372031,11
z03,24,2014-02-21,2014-05-21,2014-05-22,2014-06-20,0.0025284777428746796,11
z01,24,2014-02-21,2014-05-21,2014-05-22,2014-06-20,0.0019266461311633343,11
z02,12,2013-02-26,2013-05-26,2013-05-27,2013-06-25,0.0018447746000136434,11
z03,12,2013-02-26,2013-05-26,2013-05-27,2013-06-25,0.0010579514579116545,11
z02,5,2012-07-31,2012-10-28,2012-10-29,2012-11-27,0.0009519731640179607,11
z01,12,2013-02-26,2013-05-26,2013-05-27,2013-06-25,0.0008463066010033771,11
z01,5,2012-07-31,2012-10-28,2012-10-29,2012-11-27,0.0005324264343256058,11
z03,5,2012-07-31,2012-10-28,2012-10-29,2012-11-27,0.0005278158696140345,11
z02,17,2013-07-26,2013-10-23,2013-10-24,2013-11-22,0.0003841552739087817,11
z03,17,2013-07-26,2013-10-23,2013-10-24,2013-11-22,0.00036236284258905904,11
z01,17,2013-07-26,2013-10-23,2013-10-24,2013-11-22,0.00029158506967874587,11
z01,13,2013-03-28,2013-06-25,2013-06-26,2013-07-25,1.7177625617037506e-05,11
z03,13,2013-03-28,2013-06-25,2013-06-26,2013-07-25,1.1736089438718622e-05,11
z02,13,2013-03-28,2013-06-25,2013-06-26,2013-07-25,6.919886914591444e-07,11
z03,4,2012-07-01,2012-09-28,2012-09-29,2012-10-28,2.220446049250313e-16,11
z02,4,2012-07-01,2012-09-28,2012-09-29,2012-10-28,2.220446049250313e-16,11
z01,4,2012-07-01,2012-09-28,2012-09-29,2012-10-28,2.220446049250313e-16,11
z01,16,2013-06-26,2013-09-23,2013-09-24,2013-10-23,2.220446049250313e-16,11
z02,16,2013-06-26,2013-09-23,2013-09-24,2013-10-23,2.220446049250313e-16,11
z03,16,2013-06-26,2013-09-23,2013-09-24,2013-10-23,2.220446049250313e-16,11
z02,2,2012-05-02,2012-07-30,2012-07-31,2012-08-29,0.0,10
z01,1,2012-04-02,2012-06-30,2012-07-01,2012-07-30,0.0,11
z01,2,2012-05-02,2012-07-30,2012-07-31,2012-08-29,0.0,10
z03,1,2012-04-02,2012-06-30,2012-07-01,2012-07-30,0.0,11
z03,2,2012-05-02,2012-07-30,2012-07-31,2012-08-29,0.0,10
z02,3,2012-06-01,2012-08-29,2012-08-30,2012-09-28,-1.1102230246251565e-16,10
z03,3,2012-06-01,2012-08-29,2012-08-30,2012-09-28,-1.1102230246251565e-16,10
z03,15,2013-05-27,2013-08-24,2013-08-25,2013-09-23,-1.1102230246251565e-16,11
z02,14,2013-04-27,2013-07-25,2013-07-26,2013-08-24,-1.1102230246251565e-16,10
z02,15,2013-05-27,2013-08-24,2013-08-25,2013-09-23,-1.1102230246251565e-16,11
z01,15,2013-05-27,2013-08-24,2013-08-25,2013-09-23,-1.1102230246251565e-16,11
z01,14,2013-04-27,2013-07-25,2013-07-26,2013-08-24,-1.1102230246251565e-16,10
z01,3,2012-06-01,2012-08-29,2012-08-30,2012-09-28,-1.1102230246251565e-16,10
z03,14,2013-04-27,2013-07-25,2013-07-26,2013-08-24,-1.1102230246251565e-16,10
z02,1,2012-04-02,2012-06-30,2012-07-01,2012-07-30,-2.220446049250313e-16,10
