TIMESTAMP,solar_power
2014-01-01 00:00:00,0.5325
2014-01-01 01:00:00,0.706217949
2014-01-01 02:00:00,0.409615385
2014-01-01 03:00:00,0.173461538
2014-01-01 04:00:00,0.151923077
2014-01-01 05:00:00,0.106410256
2014-01-01 06:00:00,0.095769231
2014-01-01 07:00:00,0.066217949
2014-01-01 08:00:00,0.024807692
2014-01-01 09:00:00,0.013141026
2014-01-01 10:00:00,0.000384615
2014-01-01 11:00:00,0.0
2014-01-01 12:00:00,0.0
2014-01-01 13:00:00,0.0
2014-01-01 14:00:00,0.0
2014-01-01 15:00:00,0.0
2014-01-01 16:00:00,0.0
2014-01-01 17:00:00,0.0
2014-01-01 18:00:00,0.0
2014-01-01 19:00:00,0.000320513
2014-01-01 20:00:00,0.024551282
2014-01-01 21:00:00,0.137948718
2014-01-01 22:00:00,0.298076923
2014-01-01 23:00:00,0.407051282
2014-01-02 00:00:00,0.330769231
2014-01-02 01:00:00,0.244358974
2014-01-02 02:00:00,0.161089744
2014-01-02 03:00:00,0.149423077
2014-01-02 04:00:00,0.125448718
2014-01-02 05:00:00,0.1075
2014-01-02 06:00:00,0.084679487
2014-01-02 07:00:00,0.070576923
2014-01-02 08:00:00,0.055705128
2014-01-02 09:00:00,0.017371795
2014-01-02 10:00:00,0.000705128
2014-01-02 11:00:00,0.0
2014-01-02 12:00:00,0.0
2014-01-02 13:00:00,0.0
2014-01-02 14:00:00,0.0
2014-01-02 15:00:00,0.0
2014-01-02 16:00:00,0.0
2014-01-02 17:00:00,0.0
2014-01-02 18:00:00,0.0
2014-01-02 19:00:00,0.000128205
2014-01-02 20:00:00,0.013461538
2014-01-02 21:00:00,0.055128205
2014-01-02 22:00:00,0.105641026
2014-01-02 23:00:00,0.164615385
2014-01-03 00:00:00,0.235128205
2014-01-03 01:00:00,0.301858974
2014-01-03 02:00:00,0.443076923
2014-01-03 03:00:00,0.6975
2014-01-03 04:00:00,0.497628205
2014-01-03 05:00:00,0.462307692
2014-01-03 06:00:00,0.33
2014-01-03 07:00:00,0.156923077
2014-01-03 08:00:00,0.059679487
2014-01-03 09:00:00,0.043205128
2014-01-03 10:00:00,0.003717949
2014-01-03 11:00:00,0.0
2014-01-03 12:00:00,0.0
2014-01-03 13:00:00,0.0
2014-01-03 14:00:00,0.0
2014-01-03 15:00:00,0.0
2014-01-03 16:00:00,0.0
2014-01-03 17:00:00,0.0
2014-01-03 18:00:00,0.0
2014-01-03 19:00:00,0.000448718
2014-01-03 20:00:00,0.026666667
2014-01-03 21:00:00,0.193269231
2014-01-03 22:00:00,0.568525641
2014-01-03 23:00:00,0.714935897
2014-01-04 00:00:00,0.800961538
2014-01-04 01:00:00,0.849102564
2014-01-04 02:00:00,0.846025641
2014-01-04 03:00:00,0.791410256
2014-01-04 04:00:00,0.68224359
2014-01-04 05:00:00,0.520192308
2014-01-04 06:00:00,0.304871795
2014-01-04 07:00:00,0.092371795
2014-01-04 08:00:00,0.037628205
2014-01-04 09:00:00,0.023589744
2014-01-04 10:00:00,0.002564103
2014-01-04 11:00:00,0.0
2014-01-04 12:00:00,0.0
2014-01-04 13:00:00,0.0
2014-01-04 14:00:00,0.0
2014-01-04 15:00:00,0.0
2014-01-04 16:00:00,0.0
2014-01-04 17:00:00,0.0
2014-01-04 18:00:00,0.0
2014-01-04 19:00:00,0.000384615
2014-01-04 20:00:00,0.029551282
2014-01-04 21:00:00,0.173653846
2014-01-04 22:00:00,0.538333333
2014-01-04 23:00:00,0.693653846
2014-01-05 00:00:00,0.789038462
2014-01-05 01:00:00,0.831666667
2014-01-05 02:00:00,0.826666667
2014-01-05 03:00:00,0.772051282
2014-01-05 04:00:00,0.666666667
2014-01-05 05:00:00,0.505833333
2014-01-05 06:00:00,0.299038462
2014-01-05 07:00:00,0.093782051
2014-01-05 08:00:00,0.038589744
2014-01-05 09:00:00,0.024102564
2014-01-05 10:00:00,0.002307692
2014-01-05 11:00:00,0.0
2014-01-05 12:00:00,0.0
2014-01-05 13:00:00,0.0
2014-01-05 14:00:00,0.0
2014-01-05 15:00:00,0.0
2014-01-05 16:00:00,0.0
2014-01-05 17:00:00,0.0
2014-01-05 18:00:00,0.0
2014-01-05 19:00:00,0.000384615
2014-01-05 20:00:00,0.022371795
2014-01-05 21:00:00,0.178525641
2014-01-05 22:00:00,0.554679487
2014-01-05 23:00:00,0.705961538
2014-01-06 00:00:00,0.806282051
2014-01-06 01:00:00,0.852435897
2014-01-06 02:00:00,0.848333333
2014-01-06 03:00:00,0.789807692
2014-01-06 04:00:00,0.683141026
2014-01-06 05:00:00,0.522115385
2014-01-06 06:00:00,0.308589744
2014-01-06 07:00:00,0.095897436
2014-01-06 08:00:00,0.038333333
2014-01-06 09:00:00,0.023846154
2014-01-06 10:00:00,0.0025
2014-01-06 11:00:00,0.0
2014-01-06 12:00:00,0.0
2014-01-06 13:00:00,0.0
2014-01-06 14:00:00,0.0
2014-01-06 15:00:00,0.0
2014-01-06 16:00:00,0.0
2014-01-06 17:00:00,0.0
2014-01-06 18:00:00,0.0
2014-01-06 19:00:00,0.000192308
2014-01-06 20:00:00,0.038846154
2014-01-06 21:00:00,0.20474359
2014-01-06 22:00:00,0.550641026
2014-01-06 23:00:00,0.688205128
2014-01-07 00:00:00,0.785769231
2014-01-07 01:00:00,0.816282051
2014-01-07 02:00:00,0.805769231
2014-01-07 03:00:00,0.752884615
2014-01-07 04:00:00,0.652628205
2014-01-07 05:00:00,0.50025641
2014-01-07 06:00:00,0.31275641
2014-01-07 07:00:00,0.109807692
2014-01-07 08:00:00,0.042051282
2014-01-07 09:00:00,0.02525641
2014-01-07 10:00:00,0.001987179
2014-01-07 11:00:00,0.0
2014-01-07 12:00:00,0.0
2014-01-07 13:00:00,0.0
2014-01-07 14:00:00,0.0
2014-01-07 15:00:00,0.0
2014-01-07 16:00:00,0.0
2014-01-07 17:00:00,0.0
2014-01-07 18:00:00,0.0
2014-01-07 19:00:00,0.000128205
2014-01-07 20:00:00,0.021282051
2014-01-07 21:00:00,0.137179487
2014-01-07 22:00:00,0.499423077
2014-01-07 23:00:00,0.355128205
2014-01-08 00:00:00,0.372692308
2014-01-08 01:00:00,0.499679487
2014-01-08 02:00:00,0.679807692
2014-01-08 03:00:00,0.76525641
2014-01-08 04:00:00,0.657564103
2014-01-08 05:00:00,0.489166667
2014-01-08 06:00:00,0.283205128
2014-01-08 07:00:00,0.148589744
2014-01-08 08:00:00,0.095961538
2014-01-08 09:00:00,0.032051282
2014-01-08 10:00:00,0.002051282
2014-01-08 11:00:00,0.0
2014-01-08 12:00:00,0.0
2014-01-08 13:00:00,0.0
2014-01-08 14:00:00,0.0
2014-01-08 15:00:00,0.0
2014-01-08 16:00:00,0.0
2014-01-08 17:00:00,0.0
2014-01-08 18:00:00,0.0
2014-01-08 19:00:00,0.000320513
2014-01-08 20:00:00,0.017051282
2014-01-08 21:00:00,0.07525641
2014-01-08 22:00:00,0.194551282
2014-01-08 23:00:00,0.155576923
2014-01-09 00:00:00,0.206987179
2014-01-09 01:00:00,0.329679487
2014-01-09 02:00:00,0.546089744
2014-01-09 03:00:00,0.556602564
2014-01-09 04:00:00,0.533012821
2014-01-09 05:00:00,0.352371795
2014-01-09 06:00:00,0.306217949
2014-01-09 07:00:00,0.173269231
2014-01-09 08:00:00,0.109038462
2014-01-09 09:00:00,0.041987179
2014-01-09 10:00:00,0.001025641
2014-01-09 11:00:00,0.0
2014-01-09 12:00:00,0.0
2014-01-09 13:00:00,0.0
2014-01-09 14:00:00,0.0
2014-01-09 15:00:00,0.0
2014-01-09 16:00:00,0.0
2014-01-09 17:00:00,0.0
2014-01-09 18:00:00,0.0
2014-01-09 19:00:00,0.000192308
2014-01-09 20:00:00,0.025897436
2014-01-09 21:00:00,0.138333333
2014-01-09 22:00:00,0.498012821
2014-01-09 23:00:00,0.6525
2014-01-10 00:00:00,0.741602564
2014-01-10 01:00:00,0.782307692
2014-01-10 02:00:00,0.726730769
2014-01-10 03:00:00,0.634935897
2014-01-10 04:00:00,0.412115385
2014-01-10 05:00:00,0.505769231
2014-01-10 06:00:00,0.303782051
2014-01-10 07:00:00,0.127435897
2014-01-10 08:00:00,0.083397436
2014-01-10 09:00:00,0.046730769
2014-01-10 10:00:00,0.003910256
2014-01-10 11:00:00,0.0
2014-01-10 12:00:00,0.0
2014-01-10 13:00:00,0.0
2014-01-10 14:00:00,0.0
2014-01-10 15:00:00,0.0
2014-01-10 16:00:00,0.0
2014-01-10 17:00:00,0.0
2014-01-10 18:00:00,0.0
2014-01-10 19:00:00,0.000192308
2014-01-10 20:00:00,0.025961538
2014-01-10 21:00:00,0.142564103
2014-01-10 22:00:00,0.425897436
2014-01-10 23:00:00,0.624102564
2014-01-11 00:00:00,0.68224359
2014-01-11 01:00:00,0.673269231
2014-01-11 02:00:00,0.610448718
2014-01-11 03:00:00,0.448846154
2014-01-11 04:00:00,0.282051282
2014-01-11 05:00:00,0.121987179
2014-01-11 06:00:00,0.127307692
2014-01-11 07:00:00,0.148589744
2014-01-11 08:00:00,0.091923077
2014-01-11 09:00:00,0.036794872
2014-01-11 10:00:00,0.00224359
2014-01-11 11:00:00,0.0
2014-01-11 12:00:00,0.0
2014-01-11 13:00:00,0.0
2014-01-11 14:00:00,0.0
2014-01-11 15:00:00,0.0
2014-01-11 16:00:00,0.0
2014-01-11 17:00:00,0.0
2014-01-11 18:00:00,0.0
2014-01-11 19:00:00,0.000192308
2014-01-11 20:00:00,0.023974359
2014-01-11 21:00:00,0.124871795
2014-01-11 22:00:00,0.487884615
2014-01-11 23:00:00,0.630833333
2014-01-12 00:00:00,0.721217949
2014-01-12 01:00:00,0.760833333
2014-01-12 02:00:00,0.747692308
2014-01-12 03:00:00,0.697692308
2014-01-12 04:00:00,0.610897436
2014-01-12 05:00:00,0.465320513
2014-01-12 06:00:00,0.291474359
2014-01-12 07:00:00,0.101025641
2014-01-12 08:00:00,0.040128205
2014-01-12 09:00:00,0.023717949
2014-01-12 10:00:00,0.002435897
2014-01-12 11:00:00,0.0
2014-01-12 12:00:00,0.0
2014-01-12 13:00:00,0.0
2014-01-12 14:00:00,0.0
2014-01-12 15:00:00,0.0
2014-01-12 16:00:00,0.0
2014-01-12 17:00:00,0.0
2014-01-12 18:00:00,0.0
2014-01-12 19:00:00,0.000192308
2014-01-12 20:00:00,0.022051282
2014-01-12 21:00:00,0.118076923
2014-01-12 22:00:00,0.515320513
2014-01-12 23:00:00,0.665961538
2014-01-13 00:00:00,0.750641026
2014-01-13 01:00:00,0.791730769
2014-01-13 02:00:00,0.778910256
2014-01-13 03:00:00,0.726089744
2014-01-13 04:00:00,0.630641026
2014-01-13 05:00:00,0.485064103
2014-01-13 06:00:00,0.292371795
2014-01-13 07:00:00,0.096410256
2014-01-13 08:00:00,0.037820513
2014-01-13 09:00:00,0.02275641
2014-01-13 10:00:00,0.002051282
2014-01-13 11:00:00,0.0
2014-01-13 12:00:00,0.0
2014-01-13 13:00:00,0.0
2014-01-13 14:00:00,0.0
2014-01-13 15:00:00,0.0
2014-01-13 16:00:00,0.0
2014-01-13 17:00:00,0.0
2014-01-13 18:00:00,0.0
2014-01-13 19:00:00,0.000192308
2014-01-13 20:00:00,0.021089744
2014-01-13 21:00:00,0.117884615
2014-01-13 22:00:00,0.502435897
2014-01-13 23:00:00,0.646474359
2014-01-14 00:00:00,0.73275641
2014-01-14 01:00:00,0.776410256
2014-01-14 02:00:00,0.768397436
2014-01-14 03:00:00,0.713653846
2014-01-14 04:00:00,0.617371795
2014-01-14 05:00:00,0.474679487
2014-01-14 06:00:00,0.287820513
2014-01-14 07:00:00,0.0975
2014-01-14 08:00:00,0.039679487
2014-01-14 09:00:00,0.022692308
2014-01-14 10:00:00,0.002179487
2014-01-14 11:00:00,0.0
2014-01-14 12:00:00,0.0
2014-01-14 13:00:00,0.0
2014-01-14 14:00:00,0.0
2014-01-14 15:00:00,0.0
2014-01-14 16:00:00,0.0
2014-01-14 17:00:00,0.0
2014-01-14 18:00:00,0.0
2014-01-14 19:00:00,0.000128205
2014-01-14 20:00:00,0.022692308
2014-01-14 21:00:00,0.120128205
2014-01-14 22:00:00,0.462628205
2014-01-14 23:00:00,0.610897436
2014-01-15 00:00:00,0.718076923
2014-01-15 01:00:00,0.758910256
2014-01-15 02:00:00,0.741474359
2014-01-15 03:00:00,0.679871795
2014-01-15 04:00:00,0.605128205
2014-01-15 05:00:00,0.470320513
2014-01-15 06:00:00,0.323846154
2014-01-15 07:00:00,0.112820513
2014-01-15 08:00:00,0.066730769
2014-01-15 09:00:00,0.008910256
2014-01-15 10:00:00,0.000961538
2014-01-15 11:00:00,0.0
2014-01-15 12:00:00,0.0
2014-01-15 13:00:00,0.0
2014-01-15 14:00:00,0.0
2014-01-15 15:00:00,0.0
2014-01-15 16:00:00,0.0
2014-01-15 17:00:00,0.0
2014-01-15 18:00:00,0.0
2014-01-15 19:00:00,0.000128205
2014-01-15 20:00:00,0.02275641
2014-01-15 21:00:00,0.119294872
2014-01-15 22:00:00,0.484230769
2014-01-15 23:00:00,0.628717949
2014-01-16 00:00:00,0.714615385
2014-01-16 01:00:00,0.764551282
2014-01-16 02:00:00,0.749551282
2014-01-16 03:00:00,0.716923077
2014-01-16 04:00:00,0.626282051
2014-01-16 05:00:00,0.479038462
2014-01-16 06:00:00,0.293141026
2014-01-16 07:00:00,0.098525641
2014-01-16 08:00:00,0.036666667
2014-01-16 09:00:00,0.021282051
2014-01-16 10:00:00,0.001794872
2014-01-16 11:00:00,0.0
2014-01-16 12:00:00,0.0
2014-01-16 13:00:00,0.0
2014-01-16 14:00:00,0.0
2014-01-16 15:00:00,0.0
2014-01-16 16:00:00,0.0
2014-01-16 17:00:00,0.0
2014-01-16 18:00:00,0.0
2014-01-16 19:00:00,0.000128205
2014-01-16 20:00:00,0.016346154
2014-01-16 21:00:00,0.118974359
2014-01-16 22:00:00,0.512051282
2014-01-16 23:00:00,0.655384615
2014-01-17 00:00:00,0.735641026
2014-01-17 01:00:00,0.768525641
2014-01-17 02:00:00,0.773653846
2014-01-17 03:00:00,0.725512821
2014-01-17 04:00:00,0.629487179
2014-01-17 05:00:00,0.486602564
2014-01-17 06:00:00,0.295961538
2014-01-17 07:00:00,0.096410256
2014-01-17 08:00:00,0.034871795
2014-01-17 09:00:00,0.021538462
2014-01-17 10:00:00,0.002115385
2014-01-17 11:00:00,0.0
2014-01-17 12:00:00,0.0
2014-01-17 13:00:00,0.0
2014-01-17 14:00:00,0.0
2014-01-17 15:00:00,0.0
2014-01-17 16:00:00,0.0
2014-01-17 17:00:00,0.0
2014-01-17 18:00:00,0.0
2014-01-17 19:00:00,0.000128205
2014-01-17 20:00:00,0.020641026
2014-01-17 21:00:00,0.104871795
2014-01-17 22:00:00,0.454807692
2014-01-17 23:00:00,0.608974359
2014-01-18 00:00:00,0.714230769
2014-01-18 01:00:00,0.74974359
2014-01-18 02:00:00,0.740512821
2014-01-18 03:00:00,0.698333333
2014-01-18 04:00:00,0.611410256
2014-01-18 05:00:00,0.478525641
2014-01-18 06:00:00,0.192307692
2014-01-18 07:00:00,0.072051282
2014-01-18 08:00:00,0.061923077
2014-01-18 09:00:00,0.028653846
2014-01-18 10:00:00,0.000641026
2014-01-18 11:00:00,0.0
2014-01-18 12:00:00,0.0
2014-01-18 13:00:00,0.0
2014-01-18 14:00:00,0.0
2014-01-18 15:00:00,0.0
2014-01-18 16:00:00,0.0
2014-01-18 17:00:00,0.0
2014-01-18 18:00:00,0.0
2014-01-18 19:00:00,6.41e-05
2014-01-18 20:00:00,0.013269231
2014-01-18 21:00:00,0.101794872
2014-01-18 22:00:00,0.424358974
2014-01-18 23:00:00,0.608333333
2014-01-19 00:00:00,0.728076923
2014-01-19 01:00:00,0.774615385
2014-01-19 02:00:00,0.758333333
2014-01-19 03:00:00,0.712628205
2014-01-19 04:00:00,0.620641026
2014-01-19 05:00:00,0.422628205
2014-01-19 06:00:00,0.276602564
2014-01-19 07:00:00,0.09974359
2014-01-19 08:00:00,0.066153846
2014-01-19 09:00:00,0.029423077
2014-01-19 10:00:00,0.004615385
2014-01-19 11:00:00,0.0
2014-01-19 12:00:00,0.0
2014-01-19 13:00:00,0.0
2014-01-19 14:00:00,0.0
2014-01-19 15:00:00,0.0
2014-01-19 16:00:00,0.0
2014-01-19 17:00:00,0.0
2014-01-19 18:00:00,0.0
2014-01-19 19:00:00,0.0
2014-01-19 20:00:00,0.001602564
2014-01-19 21:00:00,0.015705128
2014-01-19 22:00:00,0.031538462
2014-01-19 23:00:00,0.061538462
2014-01-20 00:00:00,0.130769231
2014-01-20 01:00:00,0.23025641
2014-01-20 02:00:00,0.326025641
2014-01-20 03:00:00,0.434487179
2014-01-20 04:00:00,0.433012821
2014-01-20 05:00:00,0.498205128
2014-01-20 06:00:00,0.310192308
2014-01-20 07:00:00,0.123461538
2014-01-20 08:00:00,0.055320513
2014-01-20 09:00:00,0.028205128
2014-01-20 10:00:00,0.001666667
2014-01-20 11:00:00,0.0
2014-01-20 12:00:00,0.0
2014-01-20 13:00:00,0.0
2014-01-20 14:00:00,0.0
2014-01-20 15:00:00,0.0
2014-01-20 16:00:00,0.0
2014-01-20 17:00:00,0.0
2014-01-20 18:00:00,0.0
2014-01-20 19:00:00,6.41e-05
2014-01-20 20:00:00,0.005448718
2014-01-20 21:00:00,0.035512821
2014-01-20 22:00:00,0.079487179
2014-01-20 23:00:00,0.164166667
2014-01-21 00:00:00,0.241025641
2014-01-21 01:00:00,0.576217949
2014-01-21 02:00:00,0.811794872
2014-01-21 03:00:00,0.706858974
2014-01-21 04:00:00,0.564294872
2014-01-21 05:00:00,0.403461538
2014-01-21 06:00:00,0.282435897
2014-01-21 07:00:00,0.153782051
2014-01-21 08:00:00,0.090512821
2014-01-21 09:00:00,0.029487179
2014-01-21 10:00:00,0.00224359
2014-01-21 11:00:00,0.0
2014-01-21 12:00:00,0.0
2014-01-21 13:00:00,0.0
2014-01-21 14:00:00,0.0
2014-01-21 15:00:00,0.0
2014-01-21 16:00:00,0.0
2014-01-21 17:00:00,0.0
2014-01-21 18:00:00,0.0
2014-01-21 19:00:00,0.0
2014-01-21 20:00:00,0.005512821
2014-01-21 21:00:00,0.021666667
2014-01-21 22:00:00,0.055192308
2014-01-21 23:00:00,0.468076923
2014-01-22 00:00:00,0.504423077
2014-01-22 01:00:00,0.263525641
2014-01-22 02:00:00,0.511410256
2014-01-22 03:00:00,0.469102564
2014-01-22 04:00:00,0.428076923
2014-01-22 05:00:00,0.342820513
2014-01-22 06:00:00,0.288269231
2014-01-22 07:00:00,0.153717949
2014-01-22 08:00:00,0.043076923
2014-01-22 09:00:00,0.019038462
2014-01-22 10:00:00,0.00224359
2014-01-22 11:00:00,0.0
2014-01-22 12:00:00,0.0
2014-01-22 13:00:00,0.0
2014-01-22 14:00:00,0.0
2014-01-22 15:00:00,0.0
2014-01-22 16:00:00,0.0
2014-01-22 17:00:00,0.0
2014-01-22 18:00:00,0.0
2014-01-22 19:00:00,6.41e-05
2014-01-22 20:00:00,0.007628205
2014-01-22 21:00:00,0.079038462
2014-01-22 22:00:00,0.158782051
2014-01-22 23:00:00,0.190128205
2014-01-23 00:00:00,0.250448718
2014-01-23 01:00:00,0.456858974
2014-01-23 02:00:00,0.755641026
2014-01-23 03:00:00,0.751282051
2014-01-23 04:00:00,0.559807692
2014-01-23 05:00:00,0.342820513
2014-01-23 06:00:00,0.288269231
2014-01-23 07:00:00,0.064294872
2014-01-23 08:00:00,0.037115385
2014-01-23 09:00:00,0.023397436
2014-01-23 10:00:00,0.002179487
2014-01-23 11:00:00,0.0
2014-01-23 12:00:00,0.0
2014-01-23 13:00:00,0.0
2014-01-23 14:00:00,0.0
2014-01-23 15:00:00,0.0
2014-01-23 16:00:00,0.0
2014-01-23 17:00:00,0.0
2014-01-23 18:00:00,0.0
2014-01-23 19:00:00,6.41e-05
2014-01-23 20:00:00,0.009166667
2014-01-23 21:00:00,0.061025641
2014-01-23 22:00:00,0.1075
2014-01-23 23:00:00,0.169423077
2014-01-24 00:00:00,0.239230769
2014-01-24 01:00:00,0.382692308
2014-01-24 02:00:00,0.306410256
2014-01-24 03:00:00,0.269487179
2014-01-24 04:00:00,0.235064103
2014-01-24 05:00:00,0.176602564
2014-01-24 06:00:00,0.137115385
2014-01-24 07:00:00,0.094038462
2014-01-24 08:00:00,0.036730769
2014-01-24 09:00:00,0.011730769
2014-01-24 10:00:00,0.000641026
2014-01-24 11:00:00,0.0
2014-01-24 12:00:00,0.0
2014-01-24 13:00:00,0.0
2014-01-24 14:00:00,0.0
2014-01-24 15:00:00,0.0
2014-01-24 16:00:00,0.0
2014-01-24 17:00:00,0.0
2014-01-24 18:00:00,0.0
2014-01-24 19:00:00,6.41e-05
2014-01-24 20:00:00,0.017820513
2014-01-24 21:00:00,0.096858974
2014-01-24 22:00:00,0.511538462
2014-01-24 23:00:00,0.684871795
2014-01-25 00:00:00,0.790384615
2014-01-25 01:00:00,0.830641026
2014-01-25 02:00:00,0.828333333
2014-01-25 03:00:00,0.785576923
2014-01-25 04:00:00,0.681858974
2014-01-25 05:00:00,0.525961538
2014-01-25 06:00:00,0.324679487
2014-01-25 07:00:00,0.132371795
2014-01-25 08:00:00,0.053589744
2014-01-25 09:00:00,0.030128205
2014-01-25 10:00:00,0.0025
2014-01-25 11:00:00,0.0
2014-01-25 12:00:00,0.0
2014-01-25 13:00:00,0.0
2014-01-25 14:00:00,0.0
2014-01-25 15:00:00,0.0
2014-01-25 16:00:00,0.0
2014-01-25 17:00:00,0.0
2014-01-25 18:00:00,0.0
2014-01-25 19:00:00,0.0
2014-01-25 20:00:00,0.018205128
2014-01-25 21:00:00,0.092692308
2014-01-25 22:00:00,0.508012821
2014-01-25 23:00:00,0.640384615
2014-01-26 00:00:00,0.809294872
2014-01-26 01:00:00,0.832692308
2014-01-26 02:00:00,0.818717949
2014-01-26 03:00:00,0.769230769
2014-01-26 04:00:00,0.670448718
2014-01-26 05:00:00,0.520576923
2014-01-26 06:00:00,0.321153846
2014-01-26 07:00:00,0.109935897
2014-01-26 08:00:00,0.038589744
2014-01-26 09:00:00,0.021538462
2014-01-26 10:00:00,0.001602564
2014-01-26 11:00:00,0.0
2014-01-26 12:00:00,0.0
2014-01-26 13:00:00,0.0
2014-01-26 14:00:00,0.0
2014-01-26 15:00:00,0.0
2014-01-26 16:00:00,0.0
2014-01-26 17:00:00,0.0
2014-01-26 18:00:00,0.0
2014-01-26 19:00:00,6.41e-05
2014-01-26 20:00:00,0.014294872
2014-01-26 21:00:00,0.086730769
2014-01-26 22:00:00,0.517692308
2014-01-26 23:00:00,0.678205128
2014-01-27 00:00:00,0.773461538
2014-01-27 01:00:00,0.816346154
2014-01-27 02:00:00,0.806730769
2014-01-27 03:00:00,0.761282051
2014-01-27 04:00:00,0.662884615
2014-01-27 05:00:00,0.513589744
2014-01-27 06:00:00,0.315448718
2014-01-27 07:00:00,0.104551282
2014-01-27 08:00:00,0.035384615
2014-01-27 09:00:00,0.02025641
2014-01-27 10:00:00,0.001538462
2014-01-27 11:00:00,0.0
2014-01-27 12:00:00,0.0
2014-01-27 13:00:00,0.0
2014-01-27 14:00:00,0.0
2014-01-27 15:00:00,0.0
2014-01-27 16:00:00,0.0
2014-01-27 17:00:00,0.0
2014-01-27 18:00:00,0.0
2014-01-27 19:00:00,0.0
2014-01-27 20:00:00,0.013974359
2014-01-27 21:00:00,0.073846154
2014-01-27 22:00:00,0.49724359
2014-01-27 23:00:00,0.653717949
2014-01-28 00:00:00,0.755384615
2014-01-28 01:00:00,0.808397436
2014-01-28 02:00:00,0.796282051
2014-01-28 03:00:00,0.739038462
2014-01-28 04:00:00,0.649807692
2014-01-28 05:00:00,0.506346154
2014-01-28 06:00:00,0.312307692
2014-01-28 07:00:00,0.105064103
2014-01-28 08:00:00,0.035961538
2014-01-28 09:00:00,0.019935897
2014-01-28 10:00:00,0.001410256
2014-01-28 11:00:00,0.0
2014-01-28 12:00:00,0.0
2014-01-28 13:00:00,0.0
2014-01-28 14:00:00,0.0
2014-01-28 15:00:00,0.0
2014-01-28 16:00:00,0.0
2014-01-28 17:00:00,0.0
2014-01-28 18:00:00,0.0
2014-01-28 19:00:00,0.0
2014-01-28 20:00:00,0.013910256
2014-01-28 21:00:00,0.071153846
2014-01-28 22:00:00,0.465384615
2014-01-28 23:00:00,0.621538462
2014-01-29 00:00:00,0.71974359
2014-01-29 01:00:00,0.768717949
2014-01-29 02:00:00,0.761410256
2014-01-29 03:00:00,0.710576923
2014-01-29 04:00:00,0.624871795
2014-01-29 05:00:00,0.486794872
2014-01-29 06:00:00,0.310897436
2014-01-29 07:00:00,0.121730769
2014-01-29 08:00:00,0.032115385
2014-01-29 09:00:00,0.014551282
2014-01-29 10:00:00,0.000961538
2014-01-29 11:00:00,0.0
2014-01-29 12:00:00,0.0
2014-01-29 13:00:00,0.0
2014-01-29 14:00:00,0.0
2014-01-29 15:00:00,0.0
2014-01-29 16:00:00,0.0
2014-01-29 17:00:00,0.0
2014-01-29 18:00:00,0.0
2014-01-29 19:00:00,0.0
2014-01-29 20:00:00,0.008910256
2014-01-29 21:00:00,0.084871795
2014-01-29 22:00:00,0.458397436
2014-01-29 23:00:00,0.636474359
2014-01-30 00:00:00,0.733076923
2014-01-30 01:00:00,0.774294872
2014-01-30 02:00:00,0.775
2014-01-30 03:00:00,0.71775641
2014-01-30 04:00:00,0.623974359
2014-01-30 05:00:00,0.486987179
2014-01-30 06:00:00,0.303910256
2014-01-30 07:00:00,0.105
2014-01-30 08:00:00,0.038910256
2014-01-30 09:00:00,0.020769231
2014-01-30 10:00:00,0.001217949
2014-01-30 11:00:00,0.0
2014-01-30 12:00:00,0.0
2014-01-30 13:00:00,0.0
2014-01-30 14:00:00,0.0
2014-01-30 15:00:00,0.0
2014-01-30 16:00:00,0.0
2014-01-30 17:00:00,0.0
2014-01-30 18:00:00,0.0
2014-01-30 19:00:00,0.0
2014-01-30 20:00:00,0.012435897
2014-01-30 21:00:00,0.0675
2014-01-30 22:00:00,0.455384615
2014-01-30 23:00:00,0.608076923
2014-01-31 00:00:00,0.679166667
2014-01-31 01:00:00,0.783589744
2014-01-31 02:00:00,0.61525641
2014-01-31 03:00:00,0.655961538
2014-01-31 04:00:00,0.241217949
2014-01-31 05:00:00,0.083397436
2014-01-31 06:00:00,0.076410256
2014-01-31 07:00:00,0.156346154
2014-01-31 08:00:00,0.063910256
2014-01-31 09:00:00,0.029230769
2014-01-31 10:00:00,0.000641026
2014-01-31 11:00:00,0.0
2014-01-31 12:00:00,0.0
2014-01-31 13:00:00,0.0
2014-01-31 14:00:00,0.0
2014-01-31 15:00:00,0.0
2014-01-31 16:00:00,0.0
2014-01-31 17:00:00,0.0
2014-01-31 18:00:00,0.0
2014-01-31 19:00:00,0.0
2014-01-31 20:00:00,0.013076923
2014-01-31 21:00:00,0.069038462
2014-01-31 22:00:00,0.453333333
2014-01-31 23:00:00,0.622371795
2014-02-01 00:00:00,0.72
2014-02-01 01:00:00,0.753397436
2014-02-01 02:00:00,0.763717949
2014-02-01 03:00:00,0.714807692
2014-02-01 04:00:00,0.628012821
2014-02-01 05:00:00,0.486602564
2014-02-01 06:00:00,0.292115385
2014-02-01 07:00:00,0.118846154
2014-02-01 08:00:00,0.079102564
2014-02-01 09:00:00,0.021794872
2014-02-01 10:00:00,0.000833333
2014-02-01 11:00:00,0.0
2014-02-01 12:00:00,0.0
2014-02-01 13:00:00,0.0
2014-02-01 14:00:00,0.0
2014-02-01 15:00:00,0.0
2014-02-01 16:00:00,0.0
2014-02-01 17:00:00,0.0
2014-02-01 18:00:00,0.0
2014-02-01 19:00:00,0.0
2014-02-01 20:00:00,0.012115385
2014-02-01 21:00:00,0.061538462
2014-02-01 22:00:00,0.446666667
2014-02-01 23:00:00,0.616602564
2014-02-02 00:00:00,0.710576923
2014-02-02 01:00:00,0.759487179
2014-02-02 02:00:00,0.760833333
2014-02-02 03:00:00,0.715064103
2014-02-02 04:00:00,0.623461538
2014-02-02 05:00:00,0.486923077
2014-02-02 06:00:00,0.326410256
2014-02-02 07:00:00,0.134935897
2014-02-02 08:00:00,0.040961538
2014-02-02 09:00:00,0.019358974
2014-02-02 10:00:00,0.000897436
2014-02-02 11:00:00,0.0
2014-02-02 12:00:00,0.0
2014-02-02 13:00:00,0.0
2014-02-02 14:00:00,0.0
2014-02-02 15:00:00,0.0
2014-02-02 16:00:00,0.0
2014-02-02 17:00:00,0.0
2014-02-02 18:00:00,0.0
2014-02-02 19:00:00,0.0
2014-02-02 20:00:00,0.010897436
2014-02-02 21:00:00,0.053076923
2014-02-02 22:00:00,0.466858974
2014-02-02 23:00:00,0.640961538
2014-02-03 00:00:00,0.738910256
2014-02-03 01:00:00,0.785
2014-02-03 02:00:00,0.785064103
2014-02-03 03:00:00,0.732628205
2014-02-03 04:00:00,0.634551282
2014-02-03 05:00:00,0.478717949
2014-02-03 06:00:00,0.259871795
2014-02-03 07:00:00,0.120448718
2014-02-03 08:00:00,0.038846154
2014-02-03 09:00:00,0.028012821
2014-02-03 10:00:00,0.000576923
2014-02-03 11:00:00,0.0
2014-02-03 12:00:00,0.0
2014-02-03 13:00:00,0.0
2014-02-03 14:00:00,0.0
2014-02-03 15:00:00,0.0
2014-02-03 16:00:00,0.0
2014-02-03 17:00:00,0.0
2014-02-03 18:00:00,0.0
2014-02-03 19:00:00,0.0
2014-02-03 20:00:00,0.000769231
2014-02-03 21:00:00,0.043333333
2014-02-03 22:00:00,0.095064103
2014-02-03 23:00:00,0.094871795
2014-02-04 00:00:00,0.068910256
2014-02-04 01:00:00,0.130064103
2014-02-04 02:00:00,0.208910256
2014-02-04 03:00:00,0.290448718
2014-02-04 04:00:00,0.298910256
2014-02-04 05:00:00,0.421730769
2014-02-04 06:00:00,0.338141026
2014-02-04 07:00:00,0.197371795
2014-02-04 08:00:00,0.100384615
2014-02-04 09:00:00,0.022179487
2014-02-04 10:00:00,0.000384615
2014-02-04 11:00:00,0.0
2014-02-04 12:00:00,0.0
2014-02-04 13:00:00,0.0
2014-02-04 14:00:00,0.0
2014-02-04 15:00:00,0.0
2014-02-04 16:00:00,0.0
2014-02-04 17:00:00,0.0
2014-02-04 18:00:00,0.0
2014-02-04 19:00:00,0.0
2014-02-04 20:00:00,0.006923077
2014-02-04 21:00:00,0.071410256
2014-02-04 22:00:00,0.131730769
2014-02-04 23:00:00,0.261217949
2014-02-05 00:00:00,0.195
2014-02-05 01:00:00,0.270064103
2014-02-05 02:00:00,0.462371795
2014-02-05 03:00:00,0.625576923
2014-02-05 04:00:00,0.649166667
2014-02-05 05:00:00,0.472371795
2014-02-05 06:00:00,0.337948718
2014-02-05 07:00:00,0.114230769
2014-02-05 08:00:00,0.038076923
2014-02-05 09:00:00,0.018910256
2014-02-05 10:00:00,0.000705128
2014-02-05 11:00:00,0.0
2014-02-05 12:00:00,0.0
2014-02-05 13:00:00,0.0
2014-02-05 14:00:00,0.0
2014-02-05 15:00:00,0.0
2014-02-05 16:00:00,0.0
2014-02-05 17:00:00,0.0
2014-02-05 18:00:00,0.0
2014-02-05 19:00:00,0.0
2014-02-05 20:00:00,0.003717949
2014-02-05 21:00:00,0.054038462
2014-02-05 22:00:00,0.223653846
2014-02-05 23:00:00,0.597692308
2014-02-06 00:00:00,0.774487179
2014-02-06 01:00:00,0.816602564
2014-02-06 02:00:00,0.805833333
2014-02-06 03:00:00,0.761858974
2014-02-06 04:00:00,0.660064103
2014-02-06 05:00:00,0.509807692
2014-02-06 06:00:00,0.315512821
2014-02-06 07:00:00,0.111410256
2014-02-06 08:00:00,0.039487179
2014-02-06 09:00:00,0.017884615
2014-02-06 10:00:00,0.000512821
2014-02-06 11:00:00,0.0
2014-02-06 12:00:00,0.0
2014-02-06 13:00:00,0.0
2014-02-06 14:00:00,0.0
2014-02-06 15:00:00,0.0
2014-02-06 16:00:00,0.0
2014-02-06 17:00:00,0.0
2014-02-06 18:00:00,0.0
2014-02-06 19:00:00,0.0
2014-02-06 20:00:00,0.009038462
2014-02-06 21:00:00,0.055897436
2014-02-06 22:00:00,0.457051282
2014-02-06 23:00:00,0.6325
2014-02-07 00:00:00,0.738782051
2014-02-07 01:00:00,0.7925
2014-02-07 02:00:00,0.79224359
2014-02-07 03:00:00,0.748205128
2014-02-07 04:00:00,0.644615385
2014-02-07 05:00:00,0.503269231
2014-02-07 06:00:00,0.31224359
2014-02-07 07:00:00,0.111538462
2014-02-07 08:00:00,0.043076923
2014-02-07 09:00:00,0.026602564
2014-02-07 10:00:00,0.000576923
2014-02-07 11:00:00,0.0
2014-02-07 12:00:00,0.0
2014-02-07 13:00:00,0.0
2014-02-07 14:00:00,0.0
2014-02-07 15:00:00,0.0
2014-02-07 16:00:00,0.0
2014-02-07 17:00:00,0.0
2014-02-07 18:00:00,0.0
2014-02-07 19:00:00,0.0
2014-02-07 20:00:00,0.008589744
2014-02-07 21:00:00,0.058910256
2014-02-07 22:00:00,0.44025641
2014-02-07 23:00:00,0.617692308
2014-02-08 00:00:00,0.706538462
2014-02-08 01:00:00,0.762051282
2014-02-08 02:00:00,0.772564103
2014-02-08 03:00:00,0.724871795
2014-02-08 04:00:00,0.636217949
2014-02-08 05:00:00,0.492884615
2014-02-08 06:00:00,0.315512821
2014-02-08 07:00:00,0.110384615
2014-02-08 08:00:00,0.039230769
2014-02-08 09:00:00,0.018012821
2014-02-08 10:00:00,0.000576923
2014-02-08 11:00:00,0.0
2014-02-08 12:00:00,0.0
2014-02-08 13:00:00,0.0
2014-02-08 14:00:00,0.0
2014-02-08 15:00:00,0.0
2014-02-08 16:00:00,0.0
2014-02-08 17:00:00,0.0
2014-02-08 18:00:00,0.0
2014-02-08 19:00:00,0.0
2014-02-08 20:00:00,0.007692308
2014-02-08 21:00:00,0.056794872
2014-02-08 22:00:00,0.436794872
2014-02-08 23:00:00,0.611474359
2014-02-09 00:00:00,0.719230769
2014-02-09 01:00:00,0.782371795
2014-02-09 02:00:00,0.780897436
2014-02-09 03:00:00,0.743012821
2014-02-09 04:00:00,0.651089744
2014-02-09 05:00:00,0.506858974
2014-02-09 06:00:00,0.311153846
2014-02-09 07:00:00,0.107628205
2014-02-09 08:00:00,0.036602564
2014-02-09 09:00:00,0.016923077
2014-02-09 10:00:00,0.000512821
2014-02-09 11:00:00,0.0
2014-02-09 12:00:00,0.0
2014-02-09 13:00:00,0.0
2014-02-09 14:00:00,0.0
2014-02-09 15:00:00,0.0
2014-02-09 16:00:00,0.0
2014-02-09 17:00:00,0.0
2014-02-09 18:00:00,0.0
2014-02-09 19:00:00,0.0
2014-02-09 20:00:00,0.00724359
2014-02-09 21:00:00,0.075833333
2014-02-09 22:00:00,0.417179487
2014-02-09 23:00:00,0.631858974
2014-02-10 00:00:00,0.735897436
2014-02-10 01:00:00,0.781923077
2014-02-10 02:00:00,0.777115385
2014-02-10 03:00:00,0.726474359
2014-02-10 04:00:00,0.635769231
2014-02-10 05:00:00,0.524038462
2014-02-10 06:00:00,0.330897436
2014-02-10 07:00:00,0.099038462
2014-02-10 08:00:00,0.041025641
2014-02-10 09:00:00,0.018012821
2014-02-10 10:00:00,0.000448718
2014-02-10 11:00:00,0.0
2014-02-10 12:00:00,0.0
2014-02-10 13:00:00,0.0
2014-02-10 14:00:00,0.0
2014-02-10 15:00:00,0.0
2014-02-10 16:00:00,0.0
2014-02-10 17:00:00,0.0
2014-02-10 18:00:00,0.0
2014-02-10 19:00:00,0.0
2014-02-10 20:00:00,0.000705128
2014-02-10 21:00:00,0.025448718
2014-02-10 22:00:00,0.072051282
2014-02-10 23:00:00,0.116666667
2014-02-11 00:00:00,0.280641026
2014-02-11 01:00:00,0.773525641
2014-02-11 02:00:00,0.796602564
2014-02-11 03:00:00,0.740705128
2014-02-11 04:00:00,0.645384615
2014-02-11 05:00:00,0.500961538
2014-02-11 06:00:00,0.308974359
2014-02-11 07:00:00,0.105064103
2014-02-11 08:00:00,0.03775641
2014-02-11 09:00:00,0.017435897
2014-02-11 10:00:00,0.000320513
2014-02-11 11:00:00,0.0
2014-02-11 12:00:00,0.0
2014-02-11 13:00:00,0.0
2014-02-11 14:00:00,0.0
2014-02-11 15:00:00,0.0
2014-02-11 16:00:00,0.0
2014-02-11 17:00:00,0.0
2014-02-11 18:00:00,0.0
2014-02-11 19:00:00,0.0
2014-02-11 20:00:00,0.001538462
2014-02-11 21:00:00,0.043525641
2014-02-11 22:00:00,0.163269231
2014-02-11 23:00:00,0.233525641
2014-02-12 00:00:00,0.365961538
2014-02-12 01:00:00,0.702948718
2014-02-12 02:00:00,0.728846154
2014-02-12 03:00:00,0.721153846
2014-02-12 04:00:00,0.632628205
2014-02-12 05:00:00,0.47025641
2014-02-12 06:00:00,0.287307692
2014-02-12 07:00:00,0.133846154
2014-02-12 08:00:00,0.05775641
2014-02-12 09:00:00,0.030705128
2014-02-12 10:00:00,0.000128205
2014-02-12 11:00:00,0.0
2014-02-12 12:00:00,0.0
2014-02-12 13:00:00,0.0
2014-02-12 14:00:00,0.0
2014-02-12 15:00:00,0.0
2014-02-12 16:00:00,0.0
2014-02-12 17:00:00,0.0
2014-02-12 18:00:00,0.0
2014-02-12 19:00:00,0.0
2014-02-12 20:00:00,0.003205128
2014-02-12 21:00:00,0.079423077
2014-02-12 22:00:00,0.129615385
2014-02-12 23:00:00,0.274230769
2014-02-13 00:00:00,0.474358974
2014-02-13 01:00:00,0.517307692
2014-02-13 02:00:00,0.589294872
2014-02-13 03:00:00,0.386217949
2014-02-13 04:00:00,0.259166667
2014-02-13 05:00:00,0.182692308
2014-02-13 06:00:00,0.159487179
2014-02-13 07:00:00,0.108205128
2014-02-13 08:00:00,0.04224359
2014-02-13 09:00:00,0.006923077
2014-02-13 10:00:00,6.41e-05
2014-02-13 11:00:00,0.0
2014-02-13 12:00:00,0.0
2014-02-13 13:00:00,0.0
2014-02-13 14:00:00,0.0
2014-02-13 15:00:00,0.0
2014-02-13 16:00:00,0.0
2014-02-13 17:00:00,0.0
2014-02-13 18:00:00,0.0
2014-02-13 19:00:00,0.0
2014-02-13 20:00:00,0.001923077
2014-02-13 21:00:00,0.051794872
2014-02-13 22:00:00,0.269102564
2014-02-13 23:00:00,0.569615385
2014-02-14 00:00:00,0.63224359
2014-02-14 01:00:00,0.595961538
2014-02-14 02:00:00,0.573012821
2014-02-14 03:00:00,0.508461538
2014-02-14 04:00:00,0.409358974
2014-02-14 05:00:00,0.312115385
2014-02-14 06:00:00,0.203141026
2014-02-14 07:00:00,0.10275641
2014-02-14 08:00:00,0.043461538
2014-02-14 09:00:00,0.005833333
2014-02-14 10:00:00,0.000128205
2014-02-14 11:00:00,0.0
2014-02-14 12:00:00,0.0
2014-02-14 13:00:00,0.0
2014-02-14 14:00:00,0.0
2014-02-14 15:00:00,0.0
2014-02-14 16:00:00,0.0
2014-02-14 17:00:00,0.0
2014-02-14 18:00:00,0.0
2014-02-14 19:00:00,0.0
2014-02-14 20:00:00,0.000576923
2014-02-14 21:00:00,0.026217949
2014-02-14 22:00:00,0.04224359
2014-02-14 23:00:00,0.077307692
2014-02-15 00:00:00,0.058910256
2014-02-15 01:00:00,0.124935897
2014-02-15 02:00:00,0.209038462
2014-02-15 03:00:00,0.115576923
2014-02-15 04:00:00,0.07775641
2014-02-15 05:00:00,0.104679487
2014-02-15 06:00:00,0.056538462
2014-02-15 07:00:00,0.056474359
2014-02-15 08:00:00,0.036794872
2014-02-15 09:00:00,0.005064103
2014-02-15 10:00:00,0.0
2014-02-15 11:00:00,0.0
2014-02-15 12:00:00,0.0
2014-02-15 13:00:00,0.0
2014-02-15 14:00:00,0.0
2014-02-15 15:00:00,0.0
2014-02-15 16:00:00,0.0
2014-02-15 17:00:00,0.0
2014-02-15 18:00:00,0.0
2014-02-15 19:00:00,0.0
2014-02-15 20:00:00,0.002307692
2014-02-15 21:00:00,0.026602564
2014-02-15 22:00:00,0.033974359
2014-02-15 23:00:00,0.169166667
2014-02-16 00:00:00,0.532435897
2014-02-16 01:00:00,0.542564103
2014-02-16 02:00:00,0.438782051
2014-02-16 03:00:00,0.217179487
2014-02-16 04:00:00,0.319166667
2014-02-16 05:00:00,0.089551282
2014-02-16 06:00:00,0.155705128
2014-02-16 07:00:00,0.22724359
2014-02-16 08:00:00,0.05974359
2014-02-16 09:00:00,0.001282051
2014-02-16 10:00:00,6.41e-05
2014-02-16 11:00:00,0.0
2014-02-16 12:00:00,0.0
2014-02-16 13:00:00,0.0
2014-02-16 14:00:00,0.0
2014-02-16 15:00:00,0.0
2014-02-16 16:00:00,0.0
2014-02-16 17:00:00,0.0
2014-02-16 18:00:00,0.0
2014-02-16 19:00:00,0.0
2014-02-16 20:00:00,0.004358974
2014-02-16 21:00:00,0.041153846
2014-02-16 22:00:00,0.443589744
2014-02-16 23:00:00,0.661666667
2014-02-17 00:00:00,0.759423077
2014-02-17 01:00:00,0.697435897
2014-02-17 02:00:00,0.828653846
2014-02-17 03:00:00,0.78025641
2014-02-17 04:00:00,0.659807692
2014-02-17 05:00:00,0.534423077
2014-02-17 06:00:00,0.281217949
2014-02-17 07:00:00,0.116153846
2014-02-17 08:00:00,0.034230769
2014-02-17 09:00:00,0.012692308
2014-02-17 10:00:00,0.000192308
2014-02-17 11:00:00,0.0
2014-02-17 12:00:00,0.0
2014-02-17 13:00:00,0.0
2014-02-17 14:00:00,0.0
2014-02-17 15:00:00,0.0
2014-02-17 16:00:00,0.0
2014-02-17 17:00:00,0.0
2014-02-17 18:00:00,0.0
2014-02-17 19:00:00,0.0
2014-02-17 20:00:00,0.004102564
2014-02-17 21:00:00,0.067692308
2014-02-17 22:00:00,0.398141026
2014-02-17 23:00:00,0.469551282
2014-02-18 00:00:00,0.718269231
2014-02-18 01:00:00,0.681858974
2014-02-18 02:00:00,0.797820513
2014-02-18 03:00:00,0.560384615
2014-02-18 04:00:00,0.452371795
2014-02-18 05:00:00,0.259038462
2014-02-18 06:00:00,0.221730769
2014-02-18 07:00:00,0.131858974
2014-02-18 08:00:00,0.051025641
2014-02-18 09:00:00,0.013333333
2014-02-18 10:00:00,0.000192308
2014-02-18 11:00:00,0.0
2014-02-18 12:00:00,0.0
2014-02-18 13:00:00,0.0
2014-02-18 14:00:00,0.0
2014-02-18 15:00:00,0.0
2014-02-18 16:00:00,0.0
2014-02-18 17:00:00,0.0
2014-02-18 18:00:00,0.0
2014-02-18 19:00:00,0.0
2014-02-18 20:00:00,0.003782051
2014-02-18 21:00:00,0.059679487
2014-02-18 22:00:00,0.375384615
2014-02-18 23:00:00,0.610897436
2014-02-19 00:00:00,0.737371795
2014-02-19 01:00:00,0.781217949
2014-02-19 02:00:00,0.476089744
2014-02-19 03:00:00,0.229230769
2014-02-19 04:00:00,0.153589744
2014-02-19 05:00:00,0.097628205
2014-02-19 06:00:00,0.024487179
2014-02-19 07:00:00,0.13224359
2014-02-19 08:00:00,0.047371795
2014-02-19 09:00:00,0.008269231
2014-02-19 10:00:00,6.41e-05
2014-02-19 11:00:00,0.0
2014-02-19 12:00:00,0.0
2014-02-19 13:00:00,0.0
2014-02-19 14:00:00,0.0
2014-02-19 15:00:00,0.0
2014-02-19 16:00:00,0.0
2014-02-19 17:00:00,0.0
2014-02-19 18:00:00,0.0
2014-02-19 19:00:00,0.0
2014-02-19 20:00:00,0.000705128
2014-02-19 21:00:00,0.031538462
2014-02-19 22:00:00,0.463974359
2014-02-19 23:00:00,0.71525641
2014-02-20 00:00:00,0.798782051
2014-02-20 01:00:00,0.785512821
2014-02-20 02:00:00,0.752179487
2014-02-20 03:00:00,0.680769231
2014-02-20 04:00:00,0.668910256
2014-02-20 05:00:00,0.562820513
2014-02-20 06:00:00,0.338141026
2014-02-20 07:00:00,0.107179487
2014-02-20 08:00:00,0.0325
2014-02-20 09:00:00,0.011153846
2014-02-20 10:00:00,6.41e-05
2014-02-20 11:00:00,0.0
2014-02-20 12:00:00,0.0
2014-02-20 13:00:00,0.0
2014-02-20 14:00:00,0.0
2014-02-20 15:00:00,0.0
2014-02-20 16:00:00,0.0
2014-02-20 17:00:00,0.0
2014-02-20 18:00:00,0.0
2014-02-20 19:00:00,0.0
2014-02-20 20:00:00,0.003141026
2014-02-20 21:00:00,0.035448718
2014-02-20 22:00:00,0.431153846
2014-02-20 23:00:00,0.675512821
2014-02-21 00:00:00,0.79
2014-02-21 01:00:00,0.832371795
2014-02-21 02:00:00,0.816153846
2014-02-21 03:00:00,0.775448718
2014-02-21 04:00:00,0.676730769
2014-02-21 05:00:00,0.523910256
2014-02-21 06:00:00,0.320128205
2014-02-21 07:00:00,0.102820513
2014-02-21 08:00:00,0.032371795
2014-02-21 09:00:00,0.010769231
2014-02-21 10:00:00,0.000128205
2014-02-21 11:00:00,0.0
2014-02-21 12:00:00,0.0
2014-02-21 13:00:00,0.0
2014-02-21 14:00:00,0.0
2014-02-21 15:00:00,0.0
2014-02-21 16:00:00,0.0
2014-02-21 17:00:00,0.0
2014-02-21 18:00:00,0.0
2014-02-21 19:00:00,0.0
2014-02-21 20:00:00,0.000320513
2014-02-21 21:00:00,0.029871795
2014-02-21 22:00:00,0.155833333
2014-02-21 23:00:00,0.349038462
2014-02-22 00:00:00,0.723269231
2014-02-22 01:00:00,0.664358974
2014-02-22 02:00:00,0.764871795
2014-02-22 03:00:00,0.757948718
2014-02-22 04:00:00,0.658076923
2014-02-22 05:00:00,0.508012821
2014-02-22 06:00:00,0.311602564
2014-02-22 07:00:00,0.110641026
2014-02-22 08:00:00,0.042371795
2014-02-22 09:00:00,0.0125
2014-02-22 10:00:00,6.41e-05
2014-02-22 11:00:00,0.0
2014-02-22 12:00:00,0.0
2014-02-22 13:00:00,0.0
2014-02-22 14:00:00,0.0
2014-02-22 15:00:00,0.0
2014-02-22 16:00:00,0.0
2014-02-22 17:00:00,0.0
2014-02-22 18:00:00,0.0
2014-02-22 19:00:00,0.0
2014-02-22 20:00:00,0.001346154
2014-02-22 21:00:00,0.051602564
2014-02-22 22:00:00,0.219102564
2014-02-22 23:00:00,0.249230769
2014-02-23 00:00:00,0.637948718
2014-02-23 01:00:00,0.614679487
2014-02-23 02:00:00,0.823589744
2014-02-23 03:00:00,0.768141026
2014-02-23 04:00:00,0.66525641
2014-02-23 05:00:00,0.514230769
2014-02-23 06:00:00,0.316410256
2014-02-23 07:00:00,0.109230769
2014-02-23 08:00:00,0.038974359
2014-02-23 09:00:00,0.010769231
2014-02-23 10:00:00,6.41e-05
2014-02-23 11:00:00,0.0
2014-02-23 12:00:00,0.0
2014-02-23 13:00:00,0.0
2014-02-23 14:00:00,0.0
2014-02-23 15:00:00,0.0
2014-02-23 16:00:00,0.0
2014-02-23 17:00:00,0.0
2014-02-23 18:00:00,0.0
2014-02-23 19:00:00,0.0
2014-02-23 20:00:00,0.002435897
2014-02-23 21:00:00,0.074871795
2014-02-23 22:00:00,0.345192308
2014-02-23 23:00:00,0.616858974
2014-02-24 00:00:00,0.741346154
2014-02-24 01:00:00,0.782179487
2014-02-24 02:00:00,0.777628205
2014-02-24 03:00:00,0.730320513
2014-02-24 04:00:00,0.636410256
2014-02-24 05:00:00,0.461153846
2014-02-24 06:00:00,0.320833333
2014-02-24 07:00:00,0.121346154
2014-02-24 08:00:00,0.045
2014-02-24 09:00:00,0.011923077
2014-02-24 10:00:00,6.41e-05
2014-02-24 11:00:00,0.0
2014-02-24 12:00:00,0.0
2014-02-24 13:00:00,0.0
2014-02-24 14:00:00,0.0
2014-02-24 15:00:00,0.0
2014-02-24 16:00:00,0.0
2014-02-24 17:00:00,0.0
2014-02-24 18:00:00,0.0
2014-02-24 19:00:00,0.0
2014-02-24 20:00:00,0.001730769
2014-02-24 21:00:00,0.056153846
2014-02-24 22:00:00,0.344230769
2014-02-24 23:00:00,0.619358974
2014-02-25 00:00:00,0.727371795
2014-02-25 01:00:00,0.781666667
2014-02-25 02:00:00,0.782051282
2014-02-25 03:00:00,0.741858974
2014-02-25 04:00:00,0.656025641
2014-02-25 05:00:00,0.515641026
2014-02-25 06:00:00,0.305
2014-02-25 07:00:00,0.100320513
2014-02-25 08:00:00,0.033717949
2014-02-25 09:00:00,0.007371795
2014-02-25 10:00:00,0.0
2014-02-25 11:00:00,0.0
2014-02-25 12:00:00,0.0
2014-02-25 13:00:00,0.0
2014-02-25 14:00:00,0.0
2014-02-25 15:00:00,0.0
2014-02-25 16:00:00,0.0
2014-02-25 17:00:00,0.0
2014-02-25 18:00:00,0.0
2014-02-25 19:00:00,0.0
2014-02-25 20:00:00,0.00025641
2014-02-25 21:00:00,0.008012821
2014-02-25 22:00:00,0.064230769
2014-02-25 23:00:00,0.193717949
2014-02-26 00:00:00,0.273205128
2014-02-26 01:00:00,0.446666667
2014-02-26 02:00:00,0.539551282
2014-02-26 03:00:00,0.290705128
2014-02-26 04:00:00,0.408846154
2014-02-26 05:00:00,0.239358974
2014-02-26 06:00:00,0.152692308
2014-02-26 07:00:00,0.133974359
2014-02-26 08:00:00,0.041538462
2014-02-26 09:00:00,0.00474359
2014-02-26 10:00:00,0.0
2014-02-26 11:00:00,0.0
2014-02-26 12:00:00,0.0
2014-02-26 13:00:00,0.0
2014-02-26 14:00:00,0.0
2014-02-26 15:00:00,0.0
2014-02-26 16:00:00,0.0
2014-02-26 17:00:00,0.0
2014-02-26 18:00:00,0.0
2014-02-26 19:00:00,0.0
2014-02-26 20:00:00,0.000512821
2014-02-26 21:00:00,0.016538462
2014-02-26 22:00:00,0.063141026
2014-02-26 23:00:00,0.212179487
2014-02-27 00:00:00,0.316666667
2014-02-27 01:00:00,0.1425
2014-02-27 02:00:00,0.146538462
2014-02-27 03:00:00,0.170961538
2014-02-27 04:00:00,0.287692308
2014-02-27 05:00:00,0.27474359
2014-02-27 06:00:00,0.233205128
2014-02-27 07:00:00,0.116346154
2014-02-27 08:00:00,0.0225
2014-02-27 09:00:00,0.002884615
2014-02-27 10:00:00,0.0
2014-02-27 11:00:00,0.0
2014-02-27 12:00:00,0.0
2014-02-27 13:00:00,0.0
2014-02-27 14:00:00,0.0
2014-02-27 15:00:00,0.0
2014-02-27 16:00:00,0.0
2014-02-27 17:00:00,0.0
2014-02-27 18:00:00,0.0
2014-02-27 19:00:00,0.0
2014-02-27 20:00:00,0.000192308
2014-02-27 21:00:00,0.016410256
2014-02-27 22:00:00,0.059935897
2014-02-27 23:00:00,0.101666667
2014-02-28 00:00:00,0.104294872
2014-02-28 01:00:00,0.11275641
2014-02-28 02:00:00,0.142948718
2014-02-28 03:00:00,0.136666667
2014-02-28 04:00:00,0.176282051
2014-02-28 05:00:00,0.219038462
2014-02-28 06:00:00,0.165897436
2014-02-28 07:00:00,0.058974359
2014-02-28 08:00:00,0.018846154
2014-02-28 09:00:00,0.001282051
2014-02-28 10:00:00,0.0
2014-02-28 11:00:00,0.0
2014-02-28 12:00:00,0.0
2014-02-28 13:00:00,0.0
2014-02-28 14:00:00,0.0
2014-02-28 15:00:00,0.0
2014-02-28 16:00:00,0.0
2014-02-28 17:00:00,0.0
2014-02-28 18:00:00,0.0
2014-02-28 19:00:00,0.0
2014-02-28 20:00:00,0.000128205
2014-02-28 21:00:00,0.015192308
2014-02-28 22:00:00,0.096282051
2014-02-28 23:00:00,0.133589744
2014-03-01 00:00:00,0.121923077
2014-03-01 01:00:00,0.270897436
2014-03-01 02:00:00,0.279038462
2014-03-01 03:00:00,0.158076923
2014-03-01 04:00:00,0.113782051
2014-03-01 05:00:00,0.149358974
2014-03-01 06:00:00,0.114487179
2014-03-01 07:00:00,0.062371795
2014-03-01 08:00:00,0.022115385
2014-03-01 09:00:00,0.004166667
2014-03-01 10:00:00,0.0
2014-03-01 11:00:00,0.0
2014-03-01 12:00:00,0.0
2014-03-01 13:00:00,0.0
2014-03-01 14:00:00,0.0
2014-03-01 15:00:00,0.0
2014-03-01 16:00:00,0.0
2014-03-01 17:00:00,0.0
2014-03-01 18:00:00,0.0
2014-03-01 19:00:00,0.0
2014-03-01 20:00:00,0.000384615
2014-03-01 21:00:00,0.054935897
2014-03-01 22:00:00,0.355576923
2014-03-01 23:00:00,0.646858974
2014-03-02 00:00:00,0.765769231
2014-03-02 01:00:00,0.491666667
2014-03-02 02:00:00,0.577820513
2014-03-02 03:00:00,0.551602564
2014-03-02 04:00:00,0.673205128
2014-03-02 05:00:00,0.346153846
2014-03-02 06:00:00,0.204551282
2014-03-02 07:00:00,0.121217949
2014-03-02 08:00:00,0.045
2014-03-02 09:00:00,0.008717949
2014-03-02 10:00:00,0.0
2014-03-02 11:00:00,0.0
2014-03-02 12:00:00,0.0
2014-03-02 13:00:00,0.0
2014-03-02 14:00:00,0.0
2014-03-02 15:00:00,0.0
2014-03-02 16:00:00,0.0
2014-03-02 17:00:00,0.0
2014-03-02 18:00:00,0.0
2014-03-02 19:00:00,0.0
2014-03-02 20:00:00,0.000833333
2014-03-02 21:00:00,0.036474359
2014-03-02 22:00:00,0.355320513
2014-03-02 23:00:00,0.655384615
2014-03-03 00:00:00,0.748333333
2014-03-03 01:00:00,0.819423077
2014-03-03 02:00:00,0.850769231
2014-03-03 03:00:00,0.757435897
2014-03-03 04:00:00,0.666602564
2014-03-03 05:00:00,0.52775641
2014-03-03 06:00:00,0.314679487
2014-03-03 07:00:00,0.096346154
2014-03-03 08:00:00,0.032115385
2014-03-03 09:00:00,0.006089744
2014-03-03 10:00:00,0.0
2014-03-03 11:00:00,0.0
2014-03-03 12:00:00,0.0
2014-03-03 13:00:00,0.0
2014-03-03 14:00:00,0.0
2014-03-03 15:00:00,0.0
2014-03-03 16:00:00,0.0
2014-03-03 17:00:00,0.0
2014-03-03 18:00:00,0.0
2014-03-03 19:00:00,0.0
2014-03-03 20:00:00,0.000192308
2014-03-03 21:00:00,0.014423077
2014-03-03 22:00:00,0.073653846
2014-03-03 23:00:00,0.123653846
2014-03-04 00:00:00,0.29525641
2014-03-04 01:00:00,0.662371795
2014-03-04 02:00:00,0.802115385
2014-03-04 03:00:00,0.781025641
2014-03-04 04:00:00,0.599038462
2014-03-04 05:00:00,0.418205128
2014-03-04 06:00:00,0.299807692
2014-03-04 07:00:00,0.086346154
2014-03-04 08:00:00,0.025320513
2014-03-04 09:00:00,0.005384615
2014-03-04 10:00:00,0.0
2014-03-04 11:00:00,0.0
2014-03-04 12:00:00,0.0
2014-03-04 13:00:00,0.0
2014-03-04 14:00:00,0.0
2014-03-04 15:00:00,0.0
2014-03-04 16:00:00,0.0
2014-03-04 17:00:00,0.0
2014-03-04 18:00:00,0.0
2014-03-04 19:00:00,0.0
2014-03-04 20:00:00,0.001282051
2014-03-04 21:00:00,0.052179487
2014-03-04 22:00:00,0.257115385
2014-03-04 23:00:00,0.401666667
2014-03-05 00:00:00,0.258269231
2014-03-05 01:00:00,0.569615385
2014-03-05 02:00:00,0.060128205
2014-03-05 03:00:00,0.148846154
2014-03-05 04:00:00,0.616602564
2014-03-05 05:00:00,0.481474359
2014-03-05 06:00:00,0.326474359
2014-03-05 07:00:00,0.101474359
2014-03-05 08:00:00,0.024487179
2014-03-05 09:00:00,0.004358974
2014-03-05 10:00:00,0.0
2014-03-05 11:00:00,0.0
2014-03-05 12:00:00,0.0
2014-03-05 13:00:00,0.0
2014-03-05 14:00:00,0.0
2014-03-05 15:00:00,0.0
2014-03-05 16:00:00,0.0
2014-03-05 17:00:00,0.0
2014-03-05 18:00:00,0.0
2014-03-05 19:00:00,0.0
2014-03-05 20:00:00,0.000192308
2014-03-05 21:00:00,0.018910256
2014-03-05 22:00:00,0.056025641
2014-03-05 23:00:00,0.087371795
2014-03-06 00:00:00,0.16474359
2014-03-06 01:00:00,0.393333333
2014-03-06 02:00:00,0.366089744
2014-03-06 03:00:00,0.482564103
2014-03-06 04:00:00,0.555320513
2014-03-06 05:00:00,0.346217949
2014-03-06 06:00:00,0.312820513
2014-03-06 07:00:00,0.095576923
2014-03-06 08:00:00,0.036666667
2014-03-06 09:00:00,0.007307692
2014-03-06 10:00:00,0.0
2014-03-06 11:00:00,0.0
2014-03-06 12:00:00,0.0
2014-03-06 13:00:00,0.0
2014-03-06 14:00:00,0.0
2014-03-06 15:00:00,0.0
2014-03-06 16:00:00,0.0
2014-03-06 17:00:00,0.0
2014-03-06 18:00:00,0.0
2014-03-06 19:00:00,0.0
2014-03-06 20:00:00,0.000384615
2014-03-06 21:00:00,0.041730769
2014-03-06 22:00:00,0.312564103
2014-03-06 23:00:00,0.625320513
2014-03-07 00:00:00,0.752307692
2014-03-07 01:00:00,0.795064103
2014-03-07 02:00:00,0.781282051
2014-03-07 03:00:00,0.744423077
2014-03-07 04:00:00,0.638589744
2014-03-07 05:00:00,0.511410256
2014-03-07 06:00:00,0.305128205
2014-03-07 07:00:00,0.090128205
2014-03-07 08:00:00,0.027435897
2014-03-07 09:00:00,0.005064103
2014-03-07 10:00:00,0.0
2014-03-07 11:00:00,0.0
2014-03-07 12:00:00,0.0
2014-03-07 13:00:00,0.0
2014-03-07 14:00:00,0.0
2014-03-07 15:00:00,0.0
2014-03-07 16:00:00,0.0
2014-03-07 17:00:00,0.0
2014-03-07 18:00:00,0.0
2014-03-07 19:00:00,0.0
2014-03-07 20:00:00,0.000128205
2014-03-07 21:00:00,0.049551282
2014-03-07 22:00:00,0.272884615
2014-03-07 23:00:00,0.561858974
2014-03-08 00:00:00,0.36775641
2014-03-08 01:00:00,0.319166667
2014-03-08 02:00:00,0.456153846
2014-03-08 03:00:00,0.325769231
2014-03-08 04:00:00,0.3675
2014-03-08 05:00:00,0.611538462
2014-03-08 06:00:00,0.161858974
2014-03-08 07:00:00,0.038910256
2014-03-08 08:00:00,0.007115385
2014-03-08 09:00:00,0.001794872
2014-03-08 10:00:00,0.0
2014-03-08 11:00:00,0.0
2014-03-08 12:00:00,0.0
2014-03-08 13:00:00,0.0
2014-03-08 14:00:00,0.0
2014-03-08 15:00:00,0.0
2014-03-08 16:00:00,0.0
2014-03-08 17:00:00,0.0
2014-03-08 18:00:00,0.0
2014-03-08 19:00:00,0.0
2014-03-08 20:00:00,0.000128205
2014-03-08 21:00:00,0.019871795
2014-03-08 22:00:00,0.028974359
2014-03-08 23:00:00,0.074294872
2014-03-09 00:00:00,0.33974359
2014-03-09 01:00:00,0.388974359
2014-03-09 02:00:00,0.497628205
2014-03-09 03:00:00,0.713012821
2014-03-09 04:00:00,0.652820513
2014-03-09 05:00:00,0.5025
2014-03-09 06:00:00,0.212435897
2014-03-09 07:00:00,0.142371795
2014-03-09 08:00:00,0.061346154
2014-03-09 09:00:00,0.011282051
2014-03-09 10:00:00,0.0
2014-03-09 11:00:00,0.0
2014-03-09 12:00:00,0.0
2014-03-09 13:00:00,0.0
2014-03-09 14:00:00,0.0
2014-03-09 15:00:00,0.0
2014-03-09 16:00:00,0.0
2014-03-09 17:00:00,0.0
2014-03-09 18:00:00,0.0
2014-03-09 19:00:00,0.0
2014-03-09 20:00:00,0.00025641
2014-03-09 21:00:00,0.034615385
2014-03-09 22:00:00,0.322179487
2014-03-09 23:00:00,0.628012821
2014-03-10 00:00:00,0.732628205
2014-03-10 01:00:00,0.777628205
2014-03-10 02:00:00,0.781730769
2014-03-10 03:00:00,0.726346154
2014-03-10 04:00:00,0.444487179
2014-03-10 05:00:00,0.374871795
2014-03-10 06:00:00,0.276025641
2014-03-10 07:00:00,0.157307692
2014-03-10 08:00:00,0.066666667
2014-03-10 09:00:00,0.006602564
2014-03-10 10:00:00,0.0
2014-03-10 11:00:00,0.0
2014-03-10 12:00:00,0.0
2014-03-10 13:00:00,0.0
2014-03-10 14:00:00,0.0
2014-03-10 15:00:00,0.0
2014-03-10 16:00:00,0.0
2014-03-10 17:00:00,0.0
2014-03-10 18:00:00,0.0
2014-03-10 19:00:00,0.0
2014-03-10 20:00:00,0.00025641
2014-03-10 21:00:00,0.039615385
2014-03-10 22:00:00,0.311858974
2014-03-10 23:00:00,0.610641026
2014-03-11 00:00:00,0.72
2014-03-11 01:00:00,0.769166667
2014-03-11 02:00:00,0.753397436
2014-03-11 03:00:00,0.728910256
2014-03-11 04:00:00,0.489551282
2014-03-11 05:00:00,0.103076923
2014-03-11 06:00:00,0.129423077
2014-03-11 07:00:00,0.118653846
2014-03-11 08:00:00,0.036282051
2014-03-11 09:00:00,0.002820513
2014-03-11 10:00:00,0.0
2014-03-11 11:00:00,0.0
2014-03-11 12:00:00,0.0
2014-03-11 13:00:00,0.0
2014-03-11 14:00:00,0.0
2014-03-11 15:00:00,0.0
2014-03-11 16:00:00,0.0
2014-03-11 17:00:00,0.0
2014-03-11 18:00:00,0.0
2014-03-11 19:00:00,0.0
2014-03-11 20:00:00,6.41e-05
2014-03-11 21:00:00,0.003461538
2014-03-11 22:00:00,0.009935897
2014-03-11 23:00:00,0.191153846
2014-03-12 00:00:00,0.496282051
2014-03-12 01:00:00,0.36974359
2014-03-12 02:00:00,0.594871795
2014-03-12 03:00:00,0.601025641
2014-03-12 04:00:00,0.641410256
2014-03-12 05:00:00,0.320705128
2014-03-12 06:00:00,0.281538462
2014-03-12 07:00:00,0.117628205
2014-03-12 08:00:00,0.043589744
2014-03-12 09:00:00,0.005641026
2014-03-12 10:00:00,0.0
2014-03-12 11:00:00,0.0
2014-03-12 12:00:00,0.0
2014-03-12 13:00:00,0.0
2014-03-12 14:00:00,0.0
2014-03-12 15:00:00,0.0
2014-03-12 16:00:00,0.0
2014-03-12 17:00:00,0.0
2014-03-12 18:00:00,0.0
2014-03-12 19:00:00,0.0
2014-03-12 20:00:00,0.000128205
2014-03-12 21:00:00,0.012307692
2014-03-12 22:00:00,0.066217949
2014-03-12 23:00:00,0.116153846
2014-03-13 00:00:00,0.176153846
2014-03-13 01:00:00,0.200192308
2014-03-13 02:00:00,0.207371795
2014-03-13 03:00:00,0.271730769
2014-03-13 04:00:00,0.309230769
2014-03-13 05:00:00,0.430448718
2014-03-13 06:00:00,0.301923077
2014-03-13 07:00:00,0.087564103
2014-03-13 08:00:00,0.038141026
2014-03-13 09:00:00,0.002820513
2014-03-13 10:00:00,0.0
2014-03-13 11:00:00,0.0
2014-03-13 12:00:00,0.0
2014-03-13 13:00:00,0.0
2014-03-13 14:00:00,0.0
2014-03-13 15:00:00,0.0
2014-03-13 16:00:00,0.0
2014-03-13 17:00:00,0.0
2014-03-13 18:00:00,0.0
2014-03-13 19:00:00,0.0
2014-03-13 20:00:00,0.000192308
2014-03-13 21:00:00,0.046794872
2014-03-13 22:00:00,0.279038462
2014-03-13 23:00:00,0.424166667
2014-03-14 00:00:00,0.699551282
2014-03-14 01:00:00,0.785512821
2014-03-14 02:00:00,0.702820513
2014-03-14 03:00:00,0.625320513
2014-03-14 04:00:00,0.362820513
2014-03-14 05:00:00,0.530448718
2014-03-14 06:00:00,0.337371795
2014-03-14 07:00:00,0.070320513
2014-03-14 08:00:00,0.036602564
2014-03-14 09:00:00,0.004551282
2014-03-14 10:00:00,0.0
2014-03-14 11:00:00,0.0
2014-03-14 12:00:00,0.0
2014-03-14 13:00:00,0.0
2014-03-14 14:00:00,0.0
2014-03-14 15:00:00,0.0
2014-03-14 16:00:00,0.0
2014-03-14 17:00:00,0.0
2014-03-14 18:00:00,0.0
2014-03-14 19:00:00,0.0
2014-03-14 20:00:00,0.00025641
2014-03-14 21:00:00,0.054615385
2014-03-14 22:00:00,0.154871795
2014-03-14 23:00:00,0.207051282
2014-03-15 00:00:00,0.621282051
2014-03-15 01:00:00,0.793012821
2014-03-15 02:00:00,0.5925
2014-03-15 03:00:00,0.391730769
2014-03-15 04:00:00,0.442179487
2014-03-15 05:00:00,0.401410256
2014-03-15 06:00:00,0.124615385
2014-03-15 07:00:00,0.09025641
2014-03-15 08:00:00,0.02525641
2014-03-15 09:00:00,0.001410256
2014-03-15 10:00:00,0.0
2014-03-15 11:00:00,0.0
2014-03-15 12:00:00,0.0
2014-03-15 13:00:00,0.0
2014-03-15 14:00:00,0.0
2014-03-15 15:00:00,0.0
2014-03-15 16:00:00,0.0
2014-03-15 17:00:00,0.0
2014-03-15 18:00:00,0.0
2014-03-15 19:00:00,0.0
2014-03-15 20:00:00,0.000128205
2014-03-15 21:00:00,0.03025641
2014-03-15 22:00:00,0.317884615
2014-03-15 23:00:00,0.600064103
2014-03-16 00:00:00,0.751923077
2014-03-16 01:00:00,0.771025641
2014-03-16 02:00:00,0.601410256
2014-03-16 03:00:00,0.614615385
2014-03-16 04:00:00,0.696153846
2014-03-16 05:00:00,0.424807692
2014-03-16 06:00:00,0.172371795
2014-03-16 07:00:00,0.081025641
2014-03-16 08:00:00,0.036858974
2014-03-16 09:00:00,0.002628205
2014-03-16 10:00:00,0.0
2014-03-16 11:00:00,0.0
2014-03-16 12:00:00,0.0
2014-03-16 13:00:00,0.0
2014-03-16 14:00:00,0.0
2014-03-16 15:00:00,0.0
2014-03-16 16:00:00,0.0
2014-03-16 17:00:00,0.0
2014-03-16 18:00:00,0.0
2014-03-16 19:00:00,0.0
2014-03-16 20:00:00,0.000128205
2014-03-16 21:00:00,0.02275641
2014-03-16 22:00:00,0.323012821
2014-03-16 23:00:00,0.667371795
2014-03-17 00:00:00,0.800961538
2014-03-17 01:00:00,0.662115385
2014-03-17 02:00:00,0.713141026
2014-03-17 03:00:00,0.674871795
2014-03-17 04:00:00,0.520961538
2014-03-17 05:00:00,0.46974359
2014-03-17 06:00:00,0.308141026
2014-03-17 07:00:00,0.089871795
2014-03-17 08:00:00,0.025
2014-03-17 09:00:00,0.002435897
2014-03-17 10:00:00,0.0
2014-03-17 11:00:00,0.0
2014-03-17 12:00:00,0.0
2014-03-17 13:00:00,0.0
2014-03-17 14:00:00,0.0
2014-03-17 15:00:00,0.0
2014-03-17 16:00:00,0.0
2014-03-17 17:00:00,0.0
2014-03-17 18:00:00,0.0
2014-03-17 19:00:00,0.0
2014-03-17 20:00:00,0.000320513
2014-03-17 21:00:00,0.041666667
2014-03-17 22:00:00,0.23
2014-03-17 23:00:00,0.506217949
2014-03-18 00:00:00,0.670448718
2014-03-18 01:00:00,0.803910256
2014-03-18 02:00:00,0.852628205
2014-03-18 03:00:00,0.669423077
2014-03-18 04:00:00,0.655128205
2014-03-18 05:00:00,0.466538462
2014-03-18 06:00:00,0.276666667
2014-03-18 07:00:00,0.072692308
2014-03-18 08:00:00,0.019615385
2014-03-18 09:00:00,0.001858974
2014-03-18 10:00:00,0.0
2014-03-18 11:00:00,0.0
2014-03-18 12:00:00,0.0
2014-03-18 13:00:00,0.0
2014-03-18 14:00:00,0.0
2014-03-18 15:00:00,0.0
2014-03-18 16:00:00,0.0
2014-03-18 17:00:00,0.0
2014-03-18 18:00:00,0.0
2014-03-18 19:00:00,0.0
2014-03-18 20:00:00,0.000192308
2014-03-18 21:00:00,0.039615385
2014-03-18 22:00:00,0.300769231
2014-03-18 23:00:00,0.637435897
2014-03-19 00:00:00,0.730448718
2014-03-19 01:00:00,0.780064103
2014-03-19 02:00:00,0.791089744
2014-03-19 03:00:00,0.545192308
2014-03-19 04:00:00,0.567628205
2014-03-19 05:00:00,0.508782051
2014-03-19 06:00:00,0.290641026
2014-03-19 07:00:00,0.105192308
2014-03-19 08:00:00,0.034358974
2014-03-19 09:00:00,0.001410256
2014-03-19 10:00:00,0.0
2014-03-19 11:00:00,0.0
2014-03-19 12:00:00,0.0
2014-03-19 13:00:00,0.0
2014-03-19 14:00:00,0.0
2014-03-19 15:00:00,0.0
2014-03-19 16:00:00,0.0
2014-03-19 17:00:00,0.0
2014-03-19 18:00:00,0.0
2014-03-19 19:00:00,0.0
2014-03-19 20:00:00,0.000128205
2014-03-19 21:00:00,0.012115385
2014-03-19 22:00:00,0.087371795
2014-03-19 23:00:00,0.233974359
2014-03-20 00:00:00,0.406858974
2014-03-20 01:00:00,0.584807692
2014-03-20 02:00:00,0.731217949
2014-03-20 03:00:00,0.727115385
2014-03-20 04:00:00,0.438717949
2014-03-20 05:00:00,0.255
2014-03-20 06:00:00,0.163974359
2014-03-20 07:00:00,0.077884615
2014-03-20 08:00:00,0.022115385
2014-03-20 09:00:00,0.001602564
2014-03-20 10:00:00,0.0
2014-03-20 11:00:00,0.0
2014-03-20 12:00:00,0.0
2014-03-20 13:00:00,0.0
2014-03-20 14:00:00,0.0
2014-03-20 15:00:00,0.0
2014-03-20 16:00:00,0.0
2014-03-20 17:00:00,0.0
2014-03-20 18:00:00,0.0
2014-03-20 19:00:00,0.0
2014-03-20 20:00:00,6.41e-05
2014-03-20 21:00:00,0.029358974
2014-03-20 22:00:00,0.278461538
2014-03-20 23:00:00,0.596987179
2014-03-21 00:00:00,0.745961538
2014-03-21 01:00:00,0.558269231
2014-03-21 02:00:00,0.185064103
2014-03-21 03:00:00,0.537564103
2014-03-21 04:00:00,0.623333333
2014-03-21 05:00:00,0.45025641
2014-03-21 06:00:00,0.201474359
2014-03-21 07:00:00,0.106858974
2014-03-21 08:00:00,0.035320513
2014-03-21 09:00:00,0.000769231
2014-03-21 10:00:00,0.0
2014-03-21 11:00:00,0.0
2014-03-21 12:00:00,0.0
2014-03-21 13:00:00,0.0
2014-03-21 14:00:00,0.0
2014-03-21 15:00:00,0.0
2014-03-21 16:00:00,0.0
2014-03-21 17:00:00,0.0
2014-03-21 18:00:00,0.0
2014-03-21 19:00:00,0.0
2014-03-21 20:00:00,6.41e-05
2014-03-21 21:00:00,0.028653846
2014-03-21 22:00:00,0.273012821
2014-03-21 23:00:00,0.577628205
2014-03-22 00:00:00,0.723461538
2014-03-22 01:00:00,0.79025641
2014-03-22 02:00:00,0.789294872
2014-03-22 03:00:00,0.733717949
2014-03-22 04:00:00,0.639230769
2014-03-22 05:00:00,0.488589744
2014-03-22 06:00:00,0.260448718
2014-03-22 07:00:00,0.07525641
2014-03-22 08:00:00,0.019294872
2014-03-22 09:00:00,0.001217949
2014-03-22 10:00:00,0.0
2014-03-22 11:00:00,0.0
2014-03-22 12:00:00,0.0
2014-03-22 13:00:00,0.0
2014-03-22 14:00:00,0.0
2014-03-22 15:00:00,0.0
2014-03-22 16:00:00,0.0
2014-03-22 17:00:00,0.0
2014-03-22 18:00:00,0.0
2014-03-22 19:00:00,0.0
2014-03-22 20:00:00,0.0
2014-03-22 21:00:00,0.018525641
2014-03-22 22:00:00,0.115833333
2014-03-22 23:00:00,0.275897436
2014-03-23 00:00:00,0.669807692
2014-03-23 01:00:00,0.698653846
2014-03-23 02:00:00,0.686538462
2014-03-23 03:00:00,0.618525641
2014-03-23 04:00:00,0.584166667
2014-03-23 05:00:00,0.364807692
2014-03-23 06:00:00,0.251730769
2014-03-23 07:00:00,0.103076923
2014-03-23 08:00:00,0.031217949
2014-03-23 09:00:00,0.000576923
2014-03-23 10:00:00,0.0
2014-03-23 11:00:00,0.0
2014-03-23 12:00:00,0.0
2014-03-23 13:00:00,0.0
2014-03-23 14:00:00,0.0
2014-03-23 15:00:00,0.0
2014-03-23 16:00:00,0.0
2014-03-23 17:00:00,0.0
2014-03-23 18:00:00,0.0
2014-03-23 19:00:00,0.0
2014-03-23 20:00:00,0.0
2014-03-23 21:00:00,0.008974359
2014-03-23 22:00:00,0.094358974
2014-03-23 23:00:00,0.228012821
2014-03-24 00:00:00,0.125384615
2014-03-24 01:00:00,0.074615385
2014-03-24 02:00:00,0.079615385
2014-03-24 03:00:00,0.077307692
2014-03-24 04:00:00,0.082692308
2014-03-24 05:00:00,0.078012821
2014-03-24 06:00:00,0.081025641
2014-03-24 07:00:00,0.045320513
2014-03-24 08:00:00,0.009230769
2014-03-24 09:00:00,0.000128205
2014-03-24 10:00:00,0.0
2014-03-24 11:00:00,0.0
2014-03-24 12:00:00,0.0
2014-03-24 13:00:00,0.0
2014-03-24 14:00:00,0.0
2014-03-24 15:00:00,0.0
2014-03-24 16:00:00,0.0
2014-03-24 17:00:00,0.0
2014-03-24 18:00:00,0.0
2014-03-24 19:00:00,0.0
2014-03-24 20:00:00,0.0
2014-03-24 21:00:00,0.000769231
2014-03-24 22:00:00,0.015769231
2014-03-24 23:00:00,0.09275641
2014-03-25 00:00:00,0.249551282
2014-03-25 01:00:00,0.276474359
2014-03-25 02:00:00,0.400576923
2014-03-25 03:00:00,0.219551282
2014-03-25 04:00:00,0.376217949
2014-03-25 05:00:00,0.228397436
2014-03-25 06:00:00,0.113910256
2014-03-25 07:00:00,0.083782051
2014-03-25 08:00:00,0.029807692
2014-03-25 09:00:00,0.000512821
2014-03-25 10:00:00,0.0
2014-03-25 11:00:00,0.0
2014-03-25 12:00:00,0.0
2014-03-25 13:00:00,0.0
2014-03-25 14:00:00,0.0
2014-03-25 15:00:00,0.0
2014-03-25 16:00:00,0.0
2014-03-25 17:00:00,0.0
2014-03-25 18:00:00,0.0
2014-03-25 19:00:00,0.0
2014-03-25 20:00:00,0.0
2014-03-25 21:00:00,0.004551282
2014-03-25 22:00:00,0.030192308
2014-03-25 23:00:00,0.06775641
2014-03-26 00:00:00,0.103461538
2014-03-26 01:00:00,0.111794872
2014-03-26 02:00:00,0.097948718
2014-03-26 03:00:00,0.12974359
2014-03-26 04:00:00,0.110512821
2014-03-26 05:00:00,0.077692308
2014-03-26 06:00:00,0.07724359
2014-03-26 07:00:00,0.052051282
2014-03-26 08:00:00,0.014871795
2014-03-26 09:00:00,0.000128205
2014-03-26 10:00:00,0.0
2014-03-26 11:00:00,0.0
2014-03-26 12:00:00,0.0
2014-03-26 13:00:00,0.0
2014-03-26 14:00:00,0.0
2014-03-26 15:00:00,0.0
2014-03-26 16:00:00,0.0
2014-03-26 17:00:00,0.0
2014-03-26 18:00:00,0.0
2014-03-26 19:00:00,0.0
2014-03-26 20:00:00,0.0
2014-03-26 21:00:00,0.000705128
2014-03-26 22:00:00,0.053333333
2014-03-26 23:00:00,0.086282051
2014-03-27 00:00:00,0.123910256
2014-03-27 01:00:00,0.187820513
2014-03-27 02:00:00,0.207435897
2014-03-27 03:00:00,0.184807692
2014-03-27 04:00:00,0.186987179
2014-03-27 05:00:00,0.150064103
2014-03-27 06:00:00,0.061474359
2014-03-27 07:00:00,0.044166667
2014-03-27 08:00:00,0.010641026
2014-03-27 09:00:00,0.000128205
2014-03-27 10:00:00,0.0
2014-03-27 11:00:00,0.0
2014-03-27 12:00:00,0.0
2014-03-27 13:00:00,0.0
2014-03-27 14:00:00,0.0
2014-03-27 15:00:00,0.0
2014-03-27 16:00:00,0.0
2014-03-27 17:00:00,0.0
2014-03-27 18:00:00,0.0
2014-03-27 19:00:00,0.0
2014-03-27 20:00:00,0.0
2014-03-27 21:00:00,0.002692308
2014-03-27 22:00:00,0.042371795
2014-03-27 23:00:00,0.079230769
2014-03-28 00:00:00,0.084038462
2014-03-28 01:00:00,0.104358974
2014-03-28 02:00:00,0.128525641
2014-03-28 03:00:00,0.107115385
2014-03-28 04:00:00,0.131858974
2014-03-28 05:00:00,0.066410256
2014-03-28 06:00:00,0.053076923
2014-03-28 07:00:00,0.052179487
2014-03-28 08:00:00,0.015064103
2014-03-28 09:00:00,0.000128205
2014-03-28 10:00:00,0.0
2014-03-28 11:00:00,0.0
2014-03-28 12:00:00,0.0
2014-03-28 13:00:00,0.0
2014-03-28 14:00:00,0.0
2014-03-28 15:00:00,0.0
2014-03-28 16:00:00,0.0
2014-03-28 17:00:00,0.0
2014-03-28 18:00:00,0.0
2014-03-28 19:00:00,0.0
2014-03-28 20:00:00,0.0
2014-03-28 21:00:00,0.014615385
2014-03-28 22:00:00,0.083589744
2014-03-28 23:00:00,0.427179487
2014-03-29 00:00:00,0.530320513
2014-03-29 01:00:00,0.410769231
2014-03-29 02:00:00,0.549294872
2014-03-29 03:00:00,0.56974359
2014-03-29 04:00:00,0.362371795
2014-03-29 05:00:00,0.221025641
2014-03-29 06:00:00,0.14775641
2014-03-29 07:00:00,0.071538462
2014-03-29 08:00:00,0.014935897
2014-03-29 09:00:00,0.000320513
2014-03-29 10:00:00,0.0
2014-03-29 11:00:00,0.0
2014-03-29 12:00:00,0.0
2014-03-29 13:00:00,0.0
2014-03-29 14:00:00,0.0
2014-03-29 15:00:00,0.0
2014-03-29 16:00:00,0.0
2014-03-29 17:00:00,0.0
2014-03-29 18:00:00,0.0
2014-03-29 19:00:00,0.0
2014-03-29 20:00:00,0.0
2014-03-29 21:00:00,0.006282051
2014-03-29 22:00:00,0.042179487
2014-03-29 23:00:00,0.086987179
2014-03-30 00:00:00,0.154230769
2014-03-30 01:00:00,0.320448718
2014-03-30 02:00:00,0.512884615
2014-03-30 03:00:00,0.621089744
2014-03-30 04:00:00,0.205512821
2014-03-30 05:00:00,0.097115385
2014-03-30 06:00:00,0.090576923
2014-03-30 07:00:00,0.044487179
2014-03-30 08:00:00,0.019423077
2014-03-30 09:00:00,0.000192308
2014-03-30 10:00:00,0.0
2014-03-30 11:00:00,0.0
2014-03-30 12:00:00,0.0
2014-03-30 13:00:00,0.0
2014-03-30 14:00:00,0.0
2014-03-30 15:00:00,0.0
2014-03-30 16:00:00,0.0
2014-03-30 17:00:00,0.0
2014-03-30 18:00:00,0.0
2014-03-30 19:00:00,0.0
2014-03-30 20:00:00,0.0
2014-03-30 21:00:00,0.011346154
2014-03-30 22:00:00,0.206089744
2014-03-30 23:00:00,0.61025641
2014-03-31 00:00:00,0.711987179
2014-03-31 01:00:00,0.749358974
2014-03-31 02:00:00,0.761987179
2014-03-31 03:00:00,0.712948718
2014-03-31 04:00:00,0.61
2014-03-31 05:00:00,0.454166667
2014-03-31 06:00:00,0.221602564
2014-03-31 07:00:00,0.061089744
2014-03-31 08:00:00,0.02275641
2014-03-31 09:00:00,0.000320513
2014-03-31 10:00:00,0.0
2014-03-31 11:00:00,0.0
2014-03-31 12:00:00,0.0
2014-03-31 13:00:00,0.0
2014-03-31 14:00:00,0.0
2014-03-31 15:00:00,0.0
2014-03-31 16:00:00,0.0
2014-03-31 17:00:00,0.0
2014-03-31 18:00:00,0.0
2014-03-31 19:00:00,0.0
2014-03-31 20:00:00,0.0
2014-03-31 21:00:00,0.026730769
2014-03-31 22:00:00,0.191923077
2014-03-31 23:00:00,0.320512821
2014-04-01 00:00:00,0.448653846
2014-04-01 01:00:00,0.455192308
2014-04-01 02:00:00,0.386538462
2014-04-01 03:00:00,0.357884615
2014-04-01 04:00:00,0.282884615
2014-04-01 05:00:00,0.238974359
2014-04-01 06:00:00,0.233717949
2014-04-01 07:00:00,0.071666667
2014-04-01 08:00:00,0.012948718
2014-04-01 09:00:00,0.000192308
2014-04-01 10:00:00,0.0
2014-04-01 11:00:00,0.0
2014-04-01 12:00:00,0.0
2014-04-01 13:00:00,0.0
2014-04-01 14:00:00,0.0
2014-04-01 15:00:00,0.0
2014-04-01 16:00:00,0.0
2014-04-01 17:00:00,0.0
2014-04-01 18:00:00,0.0
2014-04-01 19:00:00,0.0
2014-04-01 20:00:00,0.0
2014-04-01 21:00:00,0.015641026
2014-04-01 22:00:00,0.226666667
2014-04-01 23:00:00,0.535961538
2014-04-02 00:00:00,0.677948718
2014-04-02 01:00:00,0.753525641
2014-04-02 02:00:00,0.764615385
2014-04-02 03:00:00,0.715897436
2014-04-02 04:00:00,0.606987179
2014-04-02 05:00:00,0.439935897
2014-04-02 06:00:00,0.243205128
2014-04-02 07:00:00,0.066153846
2014-04-02 08:00:00,0.022564103
2014-04-02 09:00:00,0.000128205
2014-04-02 10:00:00,0.0
2014-04-02 11:00:00,0.0
2014-04-02 12:00:00,0.0
2014-04-02 13:00:00,0.0
2014-04-02 14:00:00,0.0
2014-04-02 15:00:00,0.0
2014-04-02 16:00:00,0.0
2014-04-02 17:00:00,0.0
2014-04-02 18:00:00,0.0
2014-04-02 19:00:00,0.0
2014-04-02 20:00:00,0.0
2014-04-02 21:00:00,0.011666667
2014-04-02 22:00:00,0.191730769
2014-04-02 23:00:00,0.5
2014-04-03 00:00:00,0.378846154
2014-04-03 01:00:00,0.35474359
2014-04-03 02:00:00,0.223205128
2014-04-03 03:00:00,0.196730769
2014-04-03 04:00:00,0.285769231
2014-04-03 05:00:00,0.237820513
2014-04-03 06:00:00,0.055320513
2014-04-03 07:00:00,0.031474359
2014-04-03 08:00:00,0.003846154
2014-04-03 09:00:00,0.0
2014-04-03 10:00:00,0.0
2014-04-03 11:00:00,0.0
2014-04-03 12:00:00,0.0
2014-04-03 13:00:00,0.0
2014-04-03 14:00:00,0.0
2014-04-03 15:00:00,0.0
2014-04-03 16:00:00,0.0
2014-04-03 17:00:00,0.0
2014-04-03 18:00:00,0.0
2014-04-03 19:00:00,0.0
2014-04-03 20:00:00,0.0
2014-04-03 21:00:00,0.000448718
2014-04-03 22:00:00,0.009423077
2014-04-03 23:00:00,0.015064103
2014-04-04 00:00:00,0.045705128
2014-04-04 01:00:00,0.125128205
2014-04-04 02:00:00,0.151987179
2014-04-04 03:00:00,0.129487179
2014-04-04 04:00:00,0.103269231
2014-04-04 05:00:00,0.082307692
2014-04-04 06:00:00,0.088141026
2014-04-04 07:00:00,0.039679487
2014-04-04 08:00:00,0.008974359
2014-04-04 09:00:00,6.41e-05
2014-04-04 10:00:00,0.0
2014-04-04 11:00:00,0.0
2014-04-04 12:00:00,0.0
2014-04-04 13:00:00,0.0
2014-04-04 14:00:00,0.0
2014-04-04 15:00:00,0.0
2014-04-04 16:00:00,0.0
2014-04-04 17:00:00,0.0
2014-04-04 18:00:00,0.0
2014-04-04 19:00:00,0.0
2014-04-04 20:00:00,0.0
2014-04-04 21:00:00,0.0075
2014-04-04 22:00:00,0.042435897
2014-04-04 23:00:00,0.125128205
2014-04-05 00:00:00,0.1125
2014-04-05 01:00:00,0.216346154
2014-04-05 02:00:00,0.256474359
2014-04-05 03:00:00,0.353525641
2014-04-05 04:00:00,0.313205128
2014-04-05 05:00:00,0.228269231
2014-04-05 06:00:00,0.187371795
2014-04-05 07:00:00,0.064807692
2014-04-05 08:00:00,0.005128205
2014-04-05 09:00:00,6.41e-05
2014-04-05 10:00:00,0.0
2014-04-05 11:00:00,0.0
2014-04-05 12:00:00,0.0
2014-04-05 13:00:00,0.0
2014-04-05 14:00:00,0.0
2014-04-05 15:00:00,0.0
2014-04-05 16:00:00,0.0
2014-04-05 17:00:00,0.0
2014-04-05 18:00:00,0.0
2014-04-05 19:00:00,0.0
2014-04-05 20:00:00,0.0
2014-04-05 21:00:00,0.018012821
2014-04-05 22:00:00,0.222564103
2014-04-05 23:00:00,0.559166667
2014-04-06 00:00:00,0.580448718
2014-04-06 01:00:00,0.445320513
2014-04-06 02:00:00,0.565833333
2014-04-06 03:00:00,0.358269231
2014-04-06 04:00:00,0.45275641
2014-04-06 05:00:00,0.290192308
2014-04-06 06:00:00,0.16525641
2014-04-06 07:00:00,0.065192308
2014-04-06 08:00:00,0.010192308
2014-04-06 09:00:00,6.41e-05
2014-04-06 10:00:00,0.0
2014-04-06 11:00:00,0.0
2014-04-06 12:00:00,0.0
2014-04-06 13:00:00,0.0
2014-04-06 14:00:00,0.0
2014-04-06 15:00:00,0.0
2014-04-06 16:00:00,0.0
2014-04-06 17:00:00,0.0
2014-04-06 18:00:00,0.0
2014-04-06 19:00:00,0.0
2014-04-06 20:00:00,0.0
2014-04-06 21:00:00,0.030320513
2014-04-06 22:00:00,0.1725
2014-04-06 23:00:00,0.581282051
2014-04-07 00:00:00,0.743269231
2014-04-07 01:00:00,0.789102564
2014-04-07 02:00:00,0.606730769
2014-04-07 03:00:00,0.656923077
2014-04-07 04:00:00,0.455961538
2014-04-07 05:00:00,0.432884615
2014-04-07 06:00:00,0.201153846
2014-04-07 07:00:00,0.08974359
2014-04-07 08:00:00,0.0175
2014-04-07 09:00:00,0.0
2014-04-07 10:00:00,0.0
2014-04-07 11:00:00,0.0
2014-04-07 12:00:00,0.0
2014-04-07 13:00:00,0.0
2014-04-07 14:00:00,0.0
2014-04-07 15:00:00,0.0
2014-04-07 16:00:00,0.0
2014-04-07 17:00:00,0.0
2014-04-07 18:00:00,0.0
2014-04-07 19:00:00,0.0
2014-04-07 20:00:00,0.0
2014-04-07 21:00:00,0.012435897
2014-04-07 22:00:00,0.119935897
2014-04-07 23:00:00,0.451666667
2014-04-08 00:00:00,0.301730769
2014-04-08 01:00:00,0.530705128
2014-04-08 02:00:00,0.667564103
2014-04-08 03:00:00,0.333974359
2014-04-08 04:00:00,0.370384615
2014-04-08 05:00:00,0.420128205
2014-04-08 06:00:00,0.225769231
2014-04-08 07:00:00,0.068141026
2014-04-08 08:00:00,0.010961538
2014-04-08 09:00:00,0.0
2014-04-08 10:00:00,0.0
2014-04-08 11:00:00,0.0
2014-04-08 12:00:00,0.0
2014-04-08 13:00:00,0.0
2014-04-08 14:00:00,0.0
2014-04-08 15:00:00,0.0
2014-04-08 16:00:00,0.0
2014-04-08 17:00:00,0.0
2014-04-08 18:00:00,0.0
2014-04-08 19:00:00,0.0
2014-04-08 20:00:00,0.0
2014-04-08 21:00:00,0.005064103
2014-04-08 22:00:00,0.038141026
2014-04-08 23:00:00,0.072307692
2014-04-09 00:00:00,0.121346154
2014-04-09 01:00:00,0.175064103
2014-04-09 02:00:00,0.273012821
2014-04-09 03:00:00,0.305705128
2014-04-09 04:00:00,0.217115385
2014-04-09 05:00:00,0.207820513
2014-04-09 06:00:00,0.084935897
2014-04-09 07:00:00,0.060064103
2014-04-09 08:00:00,0.016025641
2014-04-09 09:00:00,0.0
2014-04-09 10:00:00,0.0
2014-04-09 11:00:00,0.0
2014-04-09 12:00:00,0.0
2014-04-09 13:00:00,0.0
2014-04-09 14:00:00,0.0
2014-04-09 15:00:00,0.0
2014-04-09 16:00:00,0.0
2014-04-09 17:00:00,0.0
2014-04-09 18:00:00,0.0
2014-04-09 19:00:00,0.0
2014-04-09 20:00:00,0.0
2014-04-09 21:00:00,0.001089744
2014-04-09 22:00:00,0.009423077
2014-04-09 23:00:00,0.032628205
2014-04-10 00:00:00,0.045897436
2014-04-10 01:00:00,0.091923077
2014-04-10 02:00:00,0.074871795
2014-04-10 03:00:00,0.142371795
2014-04-10 04:00:00,0.081282051
2014-04-10 05:00:00,0.099807692
2014-04-10 06:00:00,0.046474359
2014-04-10 07:00:00,0.018974359
2014-04-10 08:00:00,0.001602564
2014-04-10 09:00:00,0.0
2014-04-10 10:00:00,0.0
2014-04-10 11:00:00,0.0
2014-04-10 12:00:00,0.0
2014-04-10 13:00:00,0.0
2014-04-10 14:00:00,0.0
2014-04-10 15:00:00,0.0
2014-04-10 16:00:00,0.0
2014-04-10 17:00:00,0.0
2014-04-10 18:00:00,0.0
2014-04-10 19:00:00,0.0
2014-04-10 20:00:00,0.0
2014-04-10 21:00:00,0.014423077
2014-04-10 22:00:00,0.184807692
2014-04-10 23:00:00,0.283846154
2014-04-11 00:00:00,0.283717949
2014-04-11 01:00:00,0.251410256
2014-04-11 02:00:00,0.288910256
2014-04-11 03:00:00,0.148653846
2014-04-11 04:00:00,0.147051282
2014-04-11 05:00:00,0.241346154
2014-04-11 06:00:00,0.194294872
2014-04-11 07:00:00,0.035384615
2014-04-11 08:00:00,0.006282051
2014-04-11 09:00:00,0.0
2014-04-11 10:00:00,0.0
2014-04-11 11:00:00,0.0
2014-04-11 12:00:00,0.0
2014-04-11 13:00:00,0.0
2014-04-11 14:00:00,0.0
2014-04-11 15:00:00,0.0
2014-04-11 16:00:00,0.0
2014-04-11 17:00:00,0.0
2014-04-11 18:00:00,0.0
2014-04-11 19:00:00,0.0
2014-04-11 20:00:00,0.0
2014-04-11 21:00:00,0.008525641
2014-04-11 22:00:00,0.070897436
2014-04-11 23:00:00,0.239551282
2014-04-12 00:00:00,0.705961538
2014-04-12 01:00:00,0.837564103
2014-04-12 02:00:00,0.821538462
2014-04-12 03:00:00,0.754551282
2014-04-12 04:00:00,0.633910256
2014-04-12 05:00:00,0.461474359
2014-04-12 06:00:00,0.23275641
2014-04-12 07:00:00,0.063461538
2014-04-12 08:00:00,0.010384615
2014-04-12 09:00:00,0.0
2014-04-12 10:00:00,0.0
2014-04-12 11:00:00,0.0
2014-04-12 12:00:00,0.0
2014-04-12 13:00:00,0.0
2014-04-12 14:00:00,0.0
2014-04-12 15:00:00,0.0
2014-04-12 16:00:00,0.0
2014-04-12 17:00:00,0.0
2014-04-12 18:00:00,0.0
2014-04-12 19:00:00,0.0
2014-04-12 20:00:00,0.0
2014-04-12 21:00:00,0.007628205
2014-04-12 22:00:00,0.134230769
2014-04-12 23:00:00,0.626730769
2014-04-13 00:00:00,0.749358974
2014-04-13 01:00:00,0.798910256
2014-04-13 02:00:00,0.779551282
2014-04-13 03:00:00,0.722051282
2014-04-13 04:00:00,0.596602564
2014-04-13 05:00:00,0.434615385
2014-04-13 06:00:00,0.196474359
2014-04-13 07:00:00,0.051730769
2014-04-13 08:00:00,0.007435897
2014-04-13 09:00:00,0.0
2014-04-13 10:00:00,0.0
2014-04-13 11:00:00,0.0
2014-04-13 12:00:00,0.0
2014-04-13 13:00:00,0.0
2014-04-13 14:00:00,0.0
2014-04-13 15:00:00,0.0
2014-04-13 16:00:00,0.0
2014-04-13 17:00:00,0.0
2014-04-13 18:00:00,0.0
2014-04-13 19:00:00,0.0
2014-04-13 20:00:00,0.0
2014-04-13 21:00:00,0.009166667
2014-04-13 22:00:00,0.214358974
2014-04-13 23:00:00,0.642435897
2014-04-14 00:00:00,0.769102564
2014-04-14 01:00:00,0.80974359
2014-04-14 02:00:00,0.807628205
2014-04-14 03:00:00,0.73525641
2014-04-14 04:00:00,0.467692308
2014-04-14 05:00:00,0.479935897
2014-04-14 06:00:00,0.193910256
2014-04-14 07:00:00,0.0625
2014-04-14 08:00:00,0.004294872
2014-04-14 09:00:00,0.0
2014-04-14 10:00:00,0.0
2014-04-14 11:00:00,0.0
2014-04-14 12:00:00,0.0
2014-04-14 13:00:00,0.0
2014-04-14 14:00:00,0.0
2014-04-14 15:00:00,0.0
2014-04-14 16:00:00,0.0
2014-04-14 17:00:00,0.0
2014-04-14 18:00:00,0.0
2014-04-14 19:00:00,0.0
2014-04-14 20:00:00,0.0
2014-04-14 21:00:00,0.008012821
2014-04-14 22:00:00,0.113782051
2014-04-14 23:00:00,0.614679487
2014-04-15 00:00:00,0.756730769
2014-04-15 01:00:00,0.775192308
2014-04-15 02:00:00,0.537307692
2014-04-15 03:00:00,0.463141026
2014-04-15 04:00:00,0.231538462
2014-04-15 05:00:00,0.288589744
2014-04-15 06:00:00,0.114423077
2014-04-15 07:00:00,0.050641026
2014-04-15 08:00:00,0.008525641
2014-04-15 09:00:00,0.0
2014-04-15 10:00:00,0.0
2014-04-15 11:00:00,0.0
2014-04-15 12:00:00,0.0
2014-04-15 13:00:00,0.0
2014-04-15 14:00:00,0.0
2014-04-15 15:00:00,0.0
2014-04-15 16:00:00,0.0
2014-04-15 17:00:00,0.0
2014-04-15 18:00:00,0.0
2014-04-15 19:00:00,0.0
2014-04-15 20:00:00,0.0
2014-04-15 21:00:00,0.009935897
2014-04-15 22:00:00,0.193461538
2014-04-15 23:00:00,0.597820513
2014-04-16 00:00:00,0.717179487
2014-04-16 01:00:00,0.773205128
2014-04-16 02:00:00,0.762179487
2014-04-16 03:00:00,0.706666667
2014-04-16 04:00:00,0.601410256
2014-04-16 05:00:00,0.38775641
2014-04-16 06:00:00,0.212884615
2014-04-16 07:00:00,0.062948718
2014-04-16 08:00:00,0.00775641
2014-04-16 09:00:00,0.0
2014-04-16 10:00:00,0.0
2014-04-16 11:00:00,0.0
2014-04-16 12:00:00,0.0
2014-04-16 13:00:00,0.0
2014-04-16 14:00:00,0.0
2014-04-16 15:00:00,0.0
2014-04-16 16:00:00,0.0
2014-04-16 17:00:00,0.0
2014-04-16 18:00:00,0.0
2014-04-16 19:00:00,0.0
2014-04-16 20:00:00,0.0
2014-04-16 21:00:00,0.010192308
2014-04-16 22:00:00,0.188974359
2014-04-16 23:00:00,0.59525641
2014-04-17 00:00:00,0.710961538
2014-04-17 01:00:00,0.759294872
2014-04-17 02:00:00,0.764038462
2014-04-17 03:00:00,0.654166667
2014-04-17 04:00:00,0.586794872
2014-04-17 05:00:00,0.392628205
2014-04-17 06:00:00,0.229615385
2014-04-17 07:00:00,0.049551282
2014-04-17 08:00:00,0.008333333
2014-04-17 09:00:00,0.0
2014-04-17 10:00:00,0.0
2014-04-17 11:00:00,0.0
2014-04-17 12:00:00,0.0
2014-04-17 13:00:00,0.0
2014-04-17 14:00:00,0.0
2014-04-17 15:00:00,0.0
2014-04-17 16:00:00,0.0
2014-04-17 17:00:00,0.0
2014-04-17 18:00:00,0.0
2014-04-17 19:00:00,0.0
2014-04-17 20:00:00,0.0
2014-04-17 21:00:00,0.01
2014-04-17 22:00:00,0.095769231
2014-04-17 23:00:00,0.205448718
2014-04-18 00:00:00,0.354807692
2014-04-18 01:00:00,0.774230769
2014-04-18 02:00:00,0.729551282
2014-04-18 03:00:00,0.667692308
2014-04-18 04:00:00,0.451730769
2014-04-18 05:00:00,0.303333333
2014-04-18 06:00:00,0.218589744
2014-04-18 07:00:00,0.039551282
2014-04-18 08:00:00,0.006089744
2014-04-18 09:00:00,0.0
2014-04-18 10:00:00,0.0
2014-04-18 11:00:00,0.0
2014-04-18 12:00:00,0.0
2014-04-18 13:00:00,0.0
2014-04-18 14:00:00,0.0
2014-04-18 15:00:00,0.0
2014-04-18 16:00:00,0.0
2014-04-18 17:00:00,0.0
2014-04-18 18:00:00,0.0
2014-04-18 19:00:00,0.0
2014-04-18 20:00:00,0.0
2014-04-18 21:00:00,0.005192308
2014-04-18 22:00:00,0.127692308
2014-04-18 23:00:00,0.622692308
2014-04-19 00:00:00,0.760576923
2014-04-19 01:00:00,0.802628205
2014-04-19 02:00:00,0.782307692
2014-04-19 03:00:00,0.718910256
2014-04-19 04:00:00,0.605769231
2014-04-19 05:00:00,0.434615385
2014-04-19 06:00:00,0.215512821
2014-04-19 07:00:00,0.044423077
2014-04-19 08:00:00,0.00525641
2014-04-19 09:00:00,0.0
2014-04-19 10:00:00,0.0
2014-04-19 11:00:00,0.0
2014-04-19 12:00:00,0.0
2014-04-19 13:00:00,0.0
2014-04-19 14:00:00,0.0
2014-04-19 15:00:00,0.0
2014-04-19 16:00:00,0.0
2014-04-19 17:00:00,0.0
2014-04-19 18:00:00,0.0
2014-04-19 19:00:00,0.0
2014-04-19 20:00:00,0.0
2014-04-19 21:00:00,0.008141026
2014-04-19 22:00:00,0.086730769
2014-04-19 23:00:00,0.581025641
2014-04-20 00:00:00,0.682371795
2014-04-20 01:00:00,0.793910256
2014-04-20 02:00:00,0.78224359
2014-04-20 03:00:00,0.727628205
2014-04-20 04:00:00,0.613846154
2014-04-20 05:00:00,0.439358974
2014-04-20 06:00:00,0.226602564
2014-04-20 07:00:00,0.047692308
2014-04-20 08:00:00,0.004935897
2014-04-20 09:00:00,0.0
2014-04-20 10:00:00,0.0
2014-04-20 11:00:00,0.0
2014-04-20 12:00:00,0.0
2014-04-20 13:00:00,0.0
2014-04-20 14:00:00,0.0
2014-04-20 15:00:00,0.0
2014-04-20 16:00:00,0.0
2014-04-20 17:00:00,0.0
2014-04-20 18:00:00,0.0
2014-04-20 19:00:00,0.0
2014-04-20 20:00:00,0.0
2014-04-20 21:00:00,0.002884615
2014-04-20 22:00:00,0.043205128
2014-04-20 23:00:00,0.100512821
2014-04-21 00:00:00,0.312692308
2014-04-21 01:00:00,0.589487179
2014-04-21 02:00:00,0.658397436
2014-04-21 03:00:00,0.705576923
2014-04-21 04:00:00,0.549551282
2014-04-21 05:00:00,0.355192308
2014-04-21 06:00:00,0.219871795
2014-04-21 07:00:00,0.0525
2014-04-21 08:00:00,0.005576923
2014-04-21 09:00:00,0.0
2014-04-21 10:00:00,0.0
2014-04-21 11:00:00,0.0
2014-04-21 12:00:00,0.0
2014-04-21 13:00:00,0.0
2014-04-21 14:00:00,0.0
2014-04-21 15:00:00,0.0
2014-04-21 16:00:00,0.0
2014-04-21 17:00:00,0.0
2014-04-21 18:00:00,0.0
2014-04-21 19:00:00,0.0
2014-04-21 20:00:00,0.0
2014-04-21 21:00:00,0.003076923
2014-04-21 22:00:00,0.095128205
2014-04-21 23:00:00,0.357179487
2014-04-22 00:00:00,0.601089744
2014-04-22 01:00:00,0.749487179
2014-04-22 02:00:00,0.771602564
2014-04-22 03:00:00,0.718846154
2014-04-22 04:00:00,0.558012821
2014-04-22 05:00:00,0.355769231
2014-04-22 06:00:00,0.143269231
2014-04-22 07:00:00,0.054358974
2014-04-22 08:00:00,0.012179487
2014-04-22 09:00:00,0.0
2014-04-22 10:00:00,0.0
2014-04-22 11:00:00,0.0
2014-04-22 12:00:00,0.0
2014-04-22 13:00:00,0.0
2014-04-22 14:00:00,0.0
2014-04-22 15:00:00,0.0
2014-04-22 16:00:00,0.0
2014-04-22 17:00:00,0.0
2014-04-22 18:00:00,0.0
2014-04-22 19:00:00,0.0
2014-04-22 20:00:00,0.0
2014-04-22 21:00:00,0.00275641
2014-04-22 22:00:00,0.0525
2014-04-22 23:00:00,0.193461538
2014-04-23 00:00:00,0.585448718
2014-04-23 01:00:00,0.581217949
2014-04-23 02:00:00,0.4775
2014-04-23 03:00:00,0.440384615
2014-04-23 04:00:00,0.376282051
2014-04-23 05:00:00,0.250512821
2014-04-23 06:00:00,0.194230769
2014-04-23 07:00:00,0.050192308
2014-04-23 08:00:00,0.004294872
2014-04-23 09:00:00,0.0
2014-04-23 10:00:00,0.0
2014-04-23 11:00:00,0.0
2014-04-23 12:00:00,0.0
2014-04-23 13:00:00,0.0
2014-04-23 14:00:00,0.0
2014-04-23 15:00:00,0.0
2014-04-23 16:00:00,0.0
2014-04-23 17:00:00,0.0
2014-04-23 18:00:00,0.0
2014-04-23 19:00:00,0.0
2014-04-23 20:00:00,0.0
2014-04-23 21:00:00,0.002564103
2014-04-23 22:00:00,0.085576923
2014-04-23 23:00:00,0.454807692
2014-04-24 00:00:00,0.682435897
2014-04-24 01:00:00,0.742628205
2014-04-24 02:00:00,0.483076923
2014-04-24 03:00:00,0.341217949
2014-04-24 04:00:00,0.51275641
2014-04-24 05:00:00,0.416923077
2014-04-24 06:00:00,0.203653846
2014-04-24 07:00:00,0.037051282
2014-04-24 08:00:00,0.003717949
2014-04-24 09:00:00,0.0
2014-04-24 10:00:00,0.0
2014-04-24 11:00:00,0.0
2014-04-24 12:00:00,0.0
2014-04-24 13:00:00,0.0
2014-04-24 14:00:00,0.0
2014-04-24 15:00:00,0.0
2014-04-24 16:00:00,0.0
2014-04-24 17:00:00,0.0
2014-04-24 18:00:00,0.0
2014-04-24 19:00:00,0.0
2014-04-24 20:00:00,0.0
2014-04-24 21:00:00,0.001410256
2014-04-24 22:00:00,0.085064103
2014-04-24 23:00:00,0.258269231
2014-04-25 00:00:00,0.213205128
2014-04-25 01:00:00,0.145
2014-04-25 02:00:00,0.133717949
2014-04-25 03:00:00,0.103461538
2014-04-25 04:00:00,0.082435897
2014-04-25 05:00:00,0.079615385
2014-04-25 06:00:00,0.075448718
2014-04-25 07:00:00,0.019230769
2014-04-25 08:00:00,0.001282051
2014-04-25 09:00:00,0.0
2014-04-25 10:00:00,0.0
2014-04-25 11:00:00,0.0
2014-04-25 12:00:00,0.0
2014-04-25 13:00:00,0.0
2014-04-25 14:00:00,0.0
2014-04-25 15:00:00,0.0
2014-04-25 16:00:00,0.0
2014-04-25 17:00:00,0.0
2014-04-25 18:00:00,0.0
2014-04-25 19:00:00,0.0
2014-04-25 20:00:00,0.0
2014-04-25 21:00:00,0.002371795
2014-04-25 22:00:00,0.070641026
2014-04-25 23:00:00,0.144871795
2014-04-26 00:00:00,0.228910256
2014-04-26 01:00:00,0.241217949
2014-04-26 02:00:00,0.330320513
2014-04-26 03:00:00,0.330769231
2014-04-26 04:00:00,0.437179487
2014-04-26 05:00:00,0.154423077
2014-04-26 06:00:00,0.093653846
2014-04-26 07:00:00,0.021730769
2014-04-26 08:00:00,0.002435897
2014-04-26 09:00:00,0.0
2014-04-26 10:00:00,0.0
2014-04-26 11:00:00,0.0
2014-04-26 12:00:00,0.0
2014-04-26 13:00:00,0.0
2014-04-26 14:00:00,0.0
2014-04-26 15:00:00,0.0
2014-04-26 16:00:00,0.0
2014-04-26 17:00:00,0.0
2014-04-26 18:00:00,0.0
2014-04-26 19:00:00,0.0
2014-04-26 20:00:00,0.0
2014-04-26 21:00:00,0.000384615
2014-04-26 22:00:00,0.011538462
2014-04-26 23:00:00,0.042307692
2014-04-27 00:00:00,0.073525641
2014-04-27 01:00:00,0.159358974
2014-04-27 02:00:00,0.161794872
2014-04-27 03:00:00,0.168717949
2014-04-27 04:00:00,0.307371795
2014-04-27 05:00:00,0.16974359
2014-04-27 06:00:00,0.161217949
2014-04-27 07:00:00,0.066282051
2014-04-27 08:00:00,0.004166667
2014-04-27 09:00:00,0.0
2014-04-27 10:00:00,0.0
2014-04-27 11:00:00,0.0
2014-04-27 12:00:00,0.0
2014-04-27 13:00:00,0.0
2014-04-27 14:00:00,0.0
2014-04-27 15:00:00,0.0
2014-04-27 16:00:00,0.0
2014-04-27 17:00:00,0.0
2014-04-27 18:00:00,0.0
2014-04-27 19:00:00,0.0
2014-04-27 20:00:00,0.0
2014-04-27 21:00:00,0.003205128
2014-04-27 22:00:00,0.045448718
2014-04-27 23:00:00,0.135961538
2014-04-28 00:00:00,0.442820513
2014-04-28 01:00:00,0.763782051
2014-04-28 02:00:00,0.725897436
2014-04-28 03:00:00,0.671089744
2014-04-28 04:00:00,0.570128205
2014-04-28 05:00:00,0.399551282
2014-04-28 06:00:00,0.186730769
2014-04-28 07:00:00,0.046217949
2014-04-28 08:00:00,0.003782051
2014-04-28 09:00:00,0.0
2014-04-28 10:00:00,0.0
2014-04-28 11:00:00,0.0
2014-04-28 12:00:00,0.0
2014-04-28 13:00:00,0.0
2014-04-28 14:00:00,0.0
2014-04-28 15:00:00,0.0
2014-04-28 16:00:00,0.0
2014-04-28 17:00:00,0.0
2014-04-28 18:00:00,0.0
2014-04-28 19:00:00,0.0
2014-04-28 20:00:00,0.0
2014-04-28 21:00:00,0.00724359
2014-04-28 22:00:00,0.163846154
2014-04-28 23:00:00,0.249807692
2014-04-29 00:00:00,0.343589744
2014-04-29 01:00:00,0.649551282
2014-04-29 02:00:00,0.366346154
2014-04-29 03:00:00,0.388141026
2014-04-29 04:00:00,0.401794872
2014-04-29 05:00:00,0.202051282
2014-04-29 06:00:00,0.108461538
2014-04-29 07:00:00,0.023846154
2014-04-29 08:00:00,0.000448718
2014-04-29 09:00:00,0.0
2014-04-29 10:00:00,0.0
2014-04-29 11:00:00,0.0
2014-04-29 12:00:00,0.0
2014-04-29 13:00:00,0.0
2014-04-29 14:00:00,0.0
2014-04-29 15:00:00,0.0
2014-04-29 16:00:00,0.0
2014-04-29 17:00:00,0.0
2014-04-29 18:00:00,0.0
2014-04-29 19:00:00,0.0
2014-04-29 20:00:00,0.0
2014-04-29 21:00:00,0.004871795
2014-04-29 22:00:00,0.189358974
2014-04-29 23:00:00,0.515833333
2014-04-30 00:00:00,0.699294872
2014-04-30 01:00:00,0.796987179
2014-04-30 02:00:00,0.754871795
2014-04-30 03:00:00,0.711666667
2014-04-30 04:00:00,0.590064103
2014-04-30 05:00:00,0.420448718
2014-04-30 06:00:00,0.194358974
2014-04-30 07:00:00,0.035833333
2014-04-30 08:00:00,0.002435897
2014-04-30 09:00:00,0.0
2014-04-30 10:00:00,0.0
2014-04-30 11:00:00,0.0
2014-04-30 12:00:00,0.0
2014-04-30 13:00:00,0.0
2014-04-30 14:00:00,0.0
2014-04-30 15:00:00,0.0
2014-04-30 16:00:00,0.0
2014-04-30 17:00:00,0.0
2014-04-30 18:00:00,0.0
2014-04-30 19:00:00,0.0
2014-04-30 20:00:00,0.0
2014-04-30 21:00:00,0.009551282
2014-04-30 22:00:00,0.182884615
2014-04-30 23:00:00,0.508782051
