TIMESTAMP,DA_LMP
2014-01-01 00:00:00,31.36
2014-01-01 01:00:00,29.57
2014-01-01 02:00:00,28.26
2014-01-01 03:00:00,28.04
2014-01-01 04:00:00,27.88
2014-01-01 05:00:00,28.0
2014-01-01 06:00:00,30.36
2014-01-01 07:00:00,32.29
2014-01-01 08:00:00,34.25
2014-01-01 09:00:00,36.14
2014-01-01 10:00:00,37.69
2014-01-01 11:00:00,37.09
2014-01-01 12:00:00,35.65
2014-01-01 13:00:00,34.76
2014-01-01 14:00:00,32.88
2014-01-01 15:00:00,31.470000000000006
2014-01-01 16:00:00,31.71
2014-01-01 17:00:00,41.17
2014-01-01 18:00:00,50.17
2014-01-01 19:00:00,45.51
2014-01-01 20:00:00,44.72
2014-01-01 21:00:00,41.16
2014-01-01 22:00:00,35.550000000000004
2014-01-01 23:00:00,33.88
2014-01-02 00:00:00,30.32
2014-01-02 01:00:00,29.74
2014-01-02 02:00:00,27.91
2014-01-02 03:00:00,27.99
2014-01-02 04:00:00,28.7
2014-01-02 05:00:00,30.37
2014-01-02 06:00:00,37.38
2014-01-02 07:00:00,43.46
2014-01-02 08:00:00,48.07
2014-01-02 09:00:00,47.85
2014-01-02 10:00:00,48.51
2014-01-02 11:00:00,47.18
2014-01-02 12:00:00,43.45
2014-01-02 13:00:00,41.47
2014-01-02 14:00:00,38.65
2014-01-02 15:00:00,38.19
2014-01-02 16:00:00,38.410000000000004
2014-01-02 17:00:00,49.26
2014-01-02 18:00:00,64.42
2014-01-02 19:00:00,59.82
2014-01-02 20:00:00,53.74
2014-01-02 21:00:00,48.96
2014-01-02 22:00:00,43.17
2014-01-02 23:00:00,38.88
2014-01-03 00:00:00,34.37
2014-01-03 01:00:00,31.92
2014-01-03 02:00:00,30.37
2014-01-03 03:00:00,29.7
2014-01-03 04:00:00,30.56
2014-01-03 05:00:00,32.44
2014-01-03 06:00:00,39.7
2014-01-03 07:00:00,46.66
2014-01-03 08:00:00,49.02
2014-01-03 09:00:00,45.37
2014-01-03 10:00:00,40.77
2014-01-03 11:00:00,38.15
2014-01-03 12:00:00,35.24
2014-01-03 13:00:00,33.18
2014-01-03 14:00:00,30.21
2014-01-03 15:00:00,29.22
2014-01-03 16:00:00,29.25
2014-01-03 17:00:00,34.44
2014-01-03 18:00:00,40.97
2014-01-03 19:00:00,38.11
2014-01-03 20:00:00,36.24
2014-01-03 21:00:00,33.69
2014-01-03 22:00:00,30.28
2014-01-03 23:00:00,27.4
2014-01-04 00:00:00,26.72
2014-01-04 01:00:00,26.51
2014-01-04 02:00:00,25.63
2014-01-04 03:00:00,24.94
2014-01-04 04:00:00,24.53
2014-01-04 05:00:00,25.24
2014-01-04 06:00:00,28.08
2014-01-04 07:00:00,31.18
2014-01-04 08:00:00,34.25
2014-01-04 09:00:00,34.56
2014-01-04 10:00:00,34.24
2014-01-04 11:00:00,32.57
2014-01-04 12:00:00,29.85
2014-01-04 13:00:00,28.12
2014-01-04 14:00:00,26.72
2014-01-04 15:00:00,26.76
2014-01-04 16:00:00,26.99
2014-01-04 17:00:00,31.7
2014-01-04 18:00:00,41.15
2014-01-04 19:00:00,38.39
2014-01-04 20:00:00,36.51
2014-01-04 21:00:00,33.18
2014-01-04 22:00:00,30.0
2014-01-04 23:00:00,28.26
2014-01-05 00:00:00,27.36
2014-01-05 01:00:00,26.85
2014-01-05 02:00:00,26.54
2014-01-05 03:00:00,25.88
2014-01-05 04:00:00,25.66
2014-01-05 05:00:00,26.02
2014-01-05 06:00:00,26.96
2014-01-05 07:00:00,28.45
2014-01-05 08:00:00,31.16
2014-01-05 09:00:00,32.45
2014-01-05 10:00:00,32.480000000000004
2014-01-05 11:00:00,31.38
2014-01-05 12:00:00,30.28
2014-01-05 13:00:00,29.46
2014-01-05 14:00:00,28.61
2014-01-05 15:00:00,28.68
2014-01-05 16:00:00,29.42
2014-01-05 17:00:00,38.160000000000004
2014-01-05 18:00:00,49.18
2014-01-05 19:00:00,45.66
2014-01-05 20:00:00,43.78
2014-01-05 21:00:00,39.9
2014-01-05 22:00:00,34.08
2014-01-05 23:00:00,31.43
2014-01-06 00:00:00,29.4
2014-01-06 01:00:00,29.04
2014-01-06 02:00:00,28.9
2014-01-06 03:00:00,29.06
2014-01-06 04:00:00,29.64
2014-01-06 05:00:00,33.92
2014-01-06 06:00:00,43.81
2014-01-06 07:00:00,64.41
2014-01-06 08:00:00,70.12
2014-01-06 09:00:00,68.38
2014-01-06 10:00:00,64.19
2014-01-06 11:00:00,56.45
2014-01-06 12:00:00,49.5
2014-01-06 13:00:00,44.21
2014-01-06 14:00:00,41.31
2014-01-06 15:00:00,39.12
2014-01-06 16:00:00,41.13
2014-01-06 17:00:00,56.15
2014-01-06 18:00:00,76.69
2014-01-06 19:00:00,77.85000000000001
2014-01-06 20:00:00,72.71000000000001
2014-01-06 21:00:00,63.73
2014-01-06 22:00:00,51.92
2014-01-06 23:00:00,45.19
2014-01-07 00:00:00,61.2
2014-01-07 01:00:00,54.92
2014-01-07 02:00:00,53.27
2014-01-07 03:00:00,53.09
2014-01-07 04:00:00,55.76
2014-01-07 05:00:00,60.44
2014-01-07 06:00:00,70.57000000000001
2014-01-07 07:00:00,108.1
2014-01-07 08:00:00,117.57
2014-01-07 09:00:00,100.5
2014-01-07 10:00:00,87.21
2014-01-07 11:00:00,77.58
2014-01-07 12:00:00,74.34
2014-01-07 13:00:00,69.65
2014-01-07 14:00:00,65.19
2014-01-07 15:00:00,64.09
2014-01-07 16:00:00,65.39
2014-01-07 17:00:00,78.68
2014-01-07 18:00:00,105.62
2014-01-07 19:00:00,100.39
2014-01-07 20:00:00,93.63
2014-01-07 21:00:00,78.55
2014-01-07 22:00:00,68.26
2014-01-07 23:00:00,62.22
2014-01-08 00:00:00,76.59
2014-01-08 01:00:00,57.52
2014-01-08 02:00:00,53.25
2014-01-08 03:00:00,51.72
2014-01-08 04:00:00,53.82
2014-01-08 05:00:00,59.11
2014-01-08 06:00:00,78.16
2014-01-08 07:00:00,115.6
2014-01-08 08:00:00,118.47
2014-01-08 09:00:00,103.78
2014-01-08 10:00:00,88.45
2014-01-08 11:00:00,83.31
2014-01-08 12:00:00,74.46000000000001
2014-01-08 13:00:00,70.73
2014-01-08 14:00:00,62.91
2014-01-08 15:00:00,57.47
2014-01-08 16:00:00,56.51
2014-01-08 17:00:00,74.12
2014-01-08 18:00:00,95.57
2014-01-08 19:00:00,92.46
2014-01-08 20:00:00,82.85
2014-01-08 21:00:00,70.52
2014-01-08 22:00:00,57.8
2014-01-08 23:00:00,43.86
2014-01-09 00:00:00,42.47
2014-01-09 01:00:00,36.78
2014-01-09 02:00:00,34.72
2014-01-09 03:00:00,33.160000000000004
2014-01-09 04:00:00,33.74
2014-01-09 05:00:00,36.29
2014-01-09 06:00:00,45.47
2014-01-09 07:00:00,59.95
2014-01-09 08:00:00,61.16
2014-01-09 09:00:00,52.09
2014-01-09 10:00:00,48.34
2014-01-09 11:00:00,44.86
2014-01-09 12:00:00,41.7
2014-01-09 13:00:00,37.58
2014-01-09 14:00:00,35.410000000000004
2014-01-09 15:00:00,33.87
2014-01-09 16:00:00,34.38
2014-01-09 17:00:00,41.32
2014-01-09 18:00:00,51.69
2014-01-09 19:00:00,46.76
2014-01-09 20:00:00,43.29
2014-01-09 21:00:00,39.7
2014-01-09 22:00:00,35.01
2014-01-09 23:00:00,31.41
2014-01-10 00:00:00,26.69
2014-01-10 01:00:00,25.23
2014-01-10 02:00:00,24.68
2014-01-10 03:00:00,24.32
2014-01-10 04:00:00,24.39
2014-01-10 05:00:00,24.92
2014-01-10 06:00:00,29.96
2014-01-10 07:00:00,37.59
2014-01-10 08:00:00,39.300000000000004
2014-01-10 09:00:00,37.1
2014-01-10 10:00:00,37.52
2014-01-10 11:00:00,36.15
2014-01-10 12:00:00,34.24
2014-01-10 13:00:00,31.99
2014-01-10 14:00:00,31.13
2014-01-10 15:00:00,30.77
2014-01-10 16:00:00,31.32
2014-01-10 17:00:00,39.09
2014-01-10 18:00:00,44.75
2014-01-10 19:00:00,42.45
2014-01-10 20:00:00,38.72
2014-01-10 21:00:00,33.63
2014-01-10 22:00:00,29.51
2014-01-10 23:00:00,27.49
2014-01-11 00:00:00,27.03
2014-01-11 01:00:00,25.61
2014-01-11 02:00:00,24.53
2014-01-11 03:00:00,23.69
2014-01-11 04:00:00,22.88
2014-01-11 05:00:00,23.58
2014-01-11 06:00:00,25.06
2014-01-11 07:00:00,27.51
2014-01-11 08:00:00,29.43
2014-01-11 09:00:00,30.66
2014-01-11 10:00:00,31.81
2014-01-11 11:00:00,30.11
2014-01-11 12:00:00,29.14
2014-01-11 13:00:00,27.88
2014-01-11 14:00:00,27.87
2014-01-11 15:00:00,27.65
2014-01-11 16:00:00,28.64
2014-01-11 17:00:00,32.9
2014-01-11 18:00:00,39.63
2014-01-11 19:00:00,36.94
2014-01-11 20:00:00,35.95
2014-01-11 21:00:00,31.43
2014-01-11 22:00:00,28.68
2014-01-11 23:00:00,27.2
2014-01-12 00:00:00,25.07
2014-01-12 01:00:00,23.87
2014-01-12 02:00:00,22.77
2014-01-12 03:00:00,21.95
2014-01-12 04:00:00,21.35
2014-01-12 05:00:00,21.35
2014-01-12 06:00:00,22.81
2014-01-12 07:00:00,24.62
2014-01-12 08:00:00,25.35
2014-01-12 09:00:00,26.62
2014-01-12 10:00:00,27.09
2014-01-12 11:00:00,26.79
2014-01-12 12:00:00,25.95
2014-01-12 13:00:00,25.7
2014-01-12 14:00:00,25.46
2014-01-12 15:00:00,25.84
2014-01-12 16:00:00,26.28
2014-01-12 17:00:00,31.6
2014-01-12 18:00:00,36.75
2014-01-12 19:00:00,35.12
2014-01-12 20:00:00,32.56
2014-01-12 21:00:00,27.94
2014-01-12 22:00:00,26.58
2014-01-12 23:00:00,25.53
2014-01-13 00:00:00,23.11
2014-01-13 01:00:00,21.56
2014-01-13 02:00:00,20.91
2014-01-13 03:00:00,20.47
2014-01-13 04:00:00,20.21
2014-01-13 05:00:00,22.41
2014-01-13 06:00:00,27.31
2014-01-13 07:00:00,30.71
2014-01-13 08:00:00,31.29
2014-01-13 09:00:00,31.95
2014-01-13 10:00:00,33.09
2014-01-13 11:00:00,32.52
2014-01-13 12:00:00,31.9
2014-01-13 13:00:00,30.45
2014-01-13 14:00:00,29.97
2014-01-13 15:00:00,29.69
2014-01-13 16:00:00,29.39
2014-01-13 17:00:00,36.42
2014-01-13 18:00:00,41.44
2014-01-13 19:00:00,39.050000000000004
2014-01-13 20:00:00,36.83
2014-01-13 21:00:00,30.3
2014-01-13 22:00:00,27.1
2014-01-13 23:00:00,25.5
2014-01-14 00:00:00,23.79
2014-01-14 01:00:00,22.76
2014-01-14 02:00:00,21.65
2014-01-14 03:00:00,21.07
2014-01-14 04:00:00,21.82
2014-01-14 05:00:00,23.58
2014-01-14 06:00:00,28.83
2014-01-14 07:00:00,33.980000000000004
2014-01-14 08:00:00,34.15
2014-01-14 09:00:00,32.2
2014-01-14 10:00:00,31.91
2014-01-14 11:00:00,30.66
2014-01-14 12:00:00,30.13
2014-01-14 13:00:00,30.65
2014-01-14 14:00:00,29.83
2014-01-14 15:00:00,29.3
2014-01-14 16:00:00,29.49
2014-01-14 17:00:00,34.43
2014-01-14 18:00:00,41.12
2014-01-14 19:00:00,40.54
2014-01-14 20:00:00,38.02
2014-01-14 21:00:00,31.67
2014-01-14 22:00:00,29.99
2014-01-14 23:00:00,27.84
2014-01-15 00:00:00,26.6
2014-01-15 01:00:00,25.88
2014-01-15 02:00:00,25.71
2014-01-15 03:00:00,25.46
2014-01-15 04:00:00,26.43
2014-01-15 05:00:00,29.3
2014-01-15 06:00:00,38.64
2014-01-15 07:00:00,54.45
2014-01-15 08:00:00,54.38
2014-01-15 09:00:00,49.39
2014-01-15 10:00:00,47.32
2014-01-15 11:00:00,44.43
2014-01-15 12:00:00,40.45
2014-01-15 13:00:00,36.72
2014-01-15 14:00:00,34.06
2014-01-15 15:00:00,32.09
2014-01-15 16:00:00,31.5
2014-01-15 17:00:00,37.95
2014-01-15 18:00:00,45.59
2014-01-15 19:00:00,41.68
2014-01-15 20:00:00,37.59
2014-01-15 21:00:00,33.33
2014-01-15 22:00:00,29.45
2014-01-15 23:00:00,26.71
2014-01-16 00:00:00,25.7
2014-01-16 01:00:00,24.42
2014-01-16 02:00:00,23.26
2014-01-16 03:00:00,22.79
2014-01-16 04:00:00,23.32
2014-01-16 05:00:00,28.08
2014-01-16 06:00:00,36.03
2014-01-16 07:00:00,52.44
2014-01-16 08:00:00,45.34
2014-01-16 09:00:00,37.7
2014-01-16 10:00:00,35.21
2014-01-16 11:00:00,33.24
2014-01-16 12:00:00,30.64
2014-01-16 13:00:00,29.22
2014-01-16 14:00:00,27.87
2014-01-16 15:00:00,27.6
2014-01-16 16:00:00,28.42
2014-01-16 17:00:00,34.76
2014-01-16 18:00:00,42.19
2014-01-16 19:00:00,40.24
2014-01-16 20:00:00,36.6
2014-01-16 21:00:00,35.14
2014-01-16 22:00:00,30.43
2014-01-16 23:00:00,27.57
2014-01-17 00:00:00,29.2
2014-01-17 01:00:00,26.78
2014-01-17 02:00:00,26.28
2014-01-17 03:00:00,25.33
2014-01-17 04:00:00,25.71
2014-01-17 05:00:00,29.38
2014-01-17 06:00:00,36.52
2014-01-17 07:00:00,47.15
2014-01-17 08:00:00,47.79
2014-01-17 09:00:00,43.79
2014-01-17 10:00:00,42.79
2014-01-17 11:00:00,40.74
2014-01-17 12:00:00,38.07
2014-01-17 13:00:00,36.34
2014-01-17 14:00:00,33.79
2014-01-17 15:00:00,33.6
2014-01-17 16:00:00,34.01
2014-01-17 17:00:00,42.46
2014-01-17 18:00:00,52.83
2014-01-17 19:00:00,51.07
2014-01-17 20:00:00,46.14
2014-01-17 21:00:00,43.19
2014-01-17 22:00:00,36.42
2014-01-17 23:00:00,32.68
2014-01-18 00:00:00,33.65
2014-01-18 01:00:00,31.46
2014-01-18 02:00:00,29.91
2014-01-18 03:00:00,28.17
2014-01-18 04:00:00,28.32
2014-01-18 05:00:00,28.55
2014-01-18 06:00:00,33.37
2014-01-18 07:00:00,38.21
2014-01-18 08:00:00,39.15
2014-01-18 09:00:00,39.76
2014-01-18 10:00:00,37.67
2014-01-18 11:00:00,35.4
2014-01-18 12:00:00,32.0
2014-01-18 13:00:00,29.69
2014-01-18 14:00:00,27.58
2014-01-18 15:00:00,26.75
2014-01-18 16:00:00,27.76
2014-01-18 17:00:00,33.95
2014-01-18 18:00:00,41.78
2014-01-18 19:00:00,40.68
2014-01-18 20:00:00,36.17
2014-01-18 21:00:00,34.01
2014-01-18 22:00:00,29.54
2014-01-18 23:00:00,28.2
2014-01-19 00:00:00,27.42
2014-01-19 01:00:00,25.98
2014-01-19 02:00:00,24.92
2014-01-19 03:00:00,23.84
2014-01-19 04:00:00,23.47
2014-01-19 05:00:00,23.24
2014-01-19 06:00:00,24.46
2014-01-19 07:00:00,27.5
2014-01-19 08:00:00,29.73
2014-01-19 09:00:00,31.2
2014-01-19 10:00:00,30.39
2014-01-19 11:00:00,29.42
2014-01-19 12:00:00,28.66
2014-01-19 13:00:00,27.66
2014-01-19 14:00:00,27.0
2014-01-19 15:00:00,25.96
2014-01-19 16:00:00,26.46
2014-01-19 17:00:00,32.2
2014-01-19 18:00:00,42.37
2014-01-19 19:00:00,38.74
2014-01-19 20:00:00,36.01
2014-01-19 21:00:00,31.88
2014-01-19 22:00:00,28.8
2014-01-19 23:00:00,26.78
2014-01-20 00:00:00,25.94
2014-01-20 01:00:00,25.6
2014-01-20 02:00:00,24.99
2014-01-20 03:00:00,24.74
2014-01-20 04:00:00,25.31
2014-01-20 05:00:00,27.36
2014-01-20 06:00:00,33.02
2014-01-20 07:00:00,43.56
2014-01-20 08:00:00,44.89
2014-01-20 09:00:00,45.0
2014-01-20 10:00:00,41.85
2014-01-20 11:00:00,39.27
2014-01-20 12:00:00,38.97
2014-01-20 13:00:00,35.660000000000004
2014-01-20 14:00:00,33.93
2014-01-20 15:00:00,32.4
2014-01-20 16:00:00,32.0
2014-01-20 17:00:00,40.4
2014-01-20 18:00:00,51.92
2014-01-20 19:00:00,49.36
2014-01-20 20:00:00,44.91
2014-01-20 21:00:00,39.1
2014-01-20 22:00:00,34.28
2014-01-20 23:00:00,32.410000000000004
2014-01-21 00:00:00,31.59
2014-01-21 01:00:00,31.33
2014-01-21 02:00:00,30.37
2014-01-21 03:00:00,31.06
2014-01-21 04:00:00,32.64
2014-01-21 05:00:00,38.32
2014-01-21 06:00:00,45.79
2014-01-21 07:00:00,71.35000000000001
2014-01-21 08:00:00,73.72
2014-01-21 09:00:00,69.35000000000001
2014-01-21 10:00:00,67.39
2014-01-21 11:00:00,62.15
2014-01-21 12:00:00,54.0
2014-01-21 13:00:00,50.72
2014-01-21 14:00:00,45.42
2014-01-21 15:00:00,42.16
2014-01-21 16:00:00,41.69
2014-01-21 17:00:00,60.49
2014-01-21 18:00:00,84.12
2014-01-21 19:00:00,77.21000000000001
2014-01-21 20:00:00,65.11
2014-01-21 21:00:00,57.57
2014-01-21 22:00:00,49.13
2014-01-21 23:00:00,41.18
2014-01-22 00:00:00,44.68
2014-01-22 01:00:00,42.56
2014-01-22 02:00:00,41.31
2014-01-22 03:00:00,40.88
2014-01-22 04:00:00,41.18
2014-01-22 05:00:00,44.0
2014-01-22 06:00:00,60.5
2014-01-22 07:00:00,98.23
2014-01-22 08:00:00,92.07
2014-01-22 09:00:00,78.23
2014-01-22 10:00:00,67.8
2014-01-22 11:00:00,66.55
2014-01-22 12:00:00,61.58
2014-01-22 13:00:00,58.13
2014-01-22 14:00:00,52.75
2014-01-22 15:00:00,48.72
2014-01-22 16:00:00,50.15
2014-01-22 17:00:00,62.35
2014-01-22 18:00:00,88.15
2014-01-22 19:00:00,85.75
2014-01-22 20:00:00,76.72
2014-01-22 21:00:00,65.75
2014-01-22 22:00:00,52.78
2014-01-22 23:00:00,45.35
2014-01-23 00:00:00,47.05
2014-01-23 01:00:00,45.59
2014-01-23 02:00:00,44.73
2014-01-23 03:00:00,44.57
2014-01-23 04:00:00,46.13
2014-01-23 05:00:00,51.39
2014-01-23 06:00:00,69.9
2014-01-23 07:00:00,104.01
2014-01-23 08:00:00,105.8
2014-01-23 09:00:00,93.19
2014-01-23 10:00:00,87.74
2014-01-23 11:00:00,83.7
2014-01-23 12:00:00,77.02
2014-01-23 13:00:00,74.85000000000001
2014-01-23 14:00:00,68.74
2014-01-23 15:00:00,62.51
2014-01-23 16:00:00,63.43
2014-01-23 17:00:00,78.54
2014-01-23 18:00:00,122.47
2014-01-23 19:00:00,112.04
2014-01-23 20:00:00,89.41
2014-01-23 21:00:00,76.12
2014-01-23 22:00:00,59.51
2014-01-23 23:00:00,50.39
2014-01-24 00:00:00,48.23
2014-01-24 01:00:00,47.06
2014-01-24 02:00:00,44.73
2014-01-24 03:00:00,42.68
2014-01-24 04:00:00,43.55
2014-01-24 05:00:00,50.95
2014-01-24 06:00:00,74.63
2014-01-24 07:00:00,114.33
2014-01-24 08:00:00,105.08
2014-01-24 09:00:00,88.82
2014-01-24 10:00:00,69.29
2014-01-24 11:00:00,60.69
2014-01-24 12:00:00,56.22
2014-01-24 13:00:00,50.53
2014-01-24 14:00:00,47.74
2014-01-24 15:00:00,43.52
2014-01-24 16:00:00,44.2
2014-01-24 17:00:00,54.74
2014-01-24 18:00:00,69.42
2014-01-24 19:00:00,64.41
2014-01-24 20:00:00,56.41
2014-01-24 21:00:00,49.98
2014-01-24 22:00:00,43.58
2014-01-24 23:00:00,36.63
2014-01-25 00:00:00,38.92
2014-01-25 01:00:00,34.0
2014-01-25 02:00:00,32.160000000000004
2014-01-25 03:00:00,29.05
2014-01-25 04:00:00,28.31
2014-01-25 05:00:00,29.02
2014-01-25 06:00:00,34.83
2014-01-25 07:00:00,46.08
2014-01-25 08:00:00,55.51
2014-01-25 09:00:00,59.56
2014-01-25 10:00:00,50.09
2014-01-25 11:00:00,49.74
2014-01-25 12:00:00,46.36
2014-01-25 13:00:00,41.9
2014-01-25 14:00:00,40.31
2014-01-25 15:00:00,38.71
2014-01-25 16:00:00,40.74
2014-01-25 17:00:00,56.37
2014-01-25 18:00:00,80.60000000000001
2014-01-25 19:00:00,74.61
2014-01-25 20:00:00,69.34
2014-01-25 21:00:00,60.72
2014-01-25 22:00:00,51.89
2014-01-25 23:00:00,46.02
2014-01-26 00:00:00,59.15
2014-01-26 01:00:00,52.58
2014-01-26 02:00:00,44.74
2014-01-26 03:00:00,38.31
2014-01-26 04:00:00,35.03
2014-01-26 05:00:00,37.15
2014-01-26 06:00:00,39.26
2014-01-26 07:00:00,42.48
2014-01-26 08:00:00,45.77
2014-01-26 09:00:00,46.66
2014-01-26 10:00:00,44.22
2014-01-26 11:00:00,44.69
2014-01-26 12:00:00,40.24
2014-01-26 13:00:00,33.92
2014-01-26 14:00:00,31.21
2014-01-26 15:00:00,29.58
2014-01-26 16:00:00,30.74
2014-01-26 17:00:00,41.52
2014-01-26 18:00:00,65.59
2014-01-26 19:00:00,57.19
2014-01-26 20:00:00,52.8
2014-01-26 21:00:00,43.39
2014-01-26 22:00:00,35.85
2014-01-26 23:00:00,31.53
2014-01-27 00:00:00,31.75
2014-01-27 01:00:00,30.8
2014-01-27 02:00:00,32.22
2014-01-27 03:00:00,31.62
2014-01-27 04:00:00,33.1
2014-01-27 05:00:00,43.07
2014-01-27 06:00:00,55.16
2014-01-27 07:00:00,90.91
2014-01-27 08:00:00,109.41
2014-01-27 09:00:00,113.03
2014-01-27 10:00:00,117.25
2014-01-27 11:00:00,113.81
2014-01-27 12:00:00,112.57
2014-01-27 13:00:00,106.04
2014-01-27 14:00:00,99.66
2014-01-27 15:00:00,88.74
2014-01-27 16:00:00,101.92
2014-01-27 17:00:00,121.52
2014-01-27 18:00:00,181.75
2014-01-27 19:00:00,196.45
2014-01-27 20:00:00,171.23
2014-01-27 21:00:00,148.12
2014-01-27 22:00:00,117.06
2014-01-27 23:00:00,84.75
2014-01-28 00:00:00,175.29
2014-01-28 01:00:00,147.9
2014-01-28 02:00:00,112.45
2014-01-28 03:00:00,109.61
2014-01-28 04:00:00,115.28
2014-01-28 05:00:00,155.76
2014-01-28 06:00:00,201.0
2014-01-28 07:00:00,300.53000000000003
2014-01-28 08:00:00,302.62
2014-01-28 09:00:00,277.13
2014-01-28 10:00:00,283.91
2014-01-28 11:00:00,278.73
2014-01-28 12:00:00,271.28000000000003
2014-01-28 13:00:00,226.26
2014-01-28 14:00:00,192.77
2014-01-28 15:00:00,156.49
2014-01-28 16:00:00,178.93
2014-01-28 17:00:00,228.7
2014-01-28 18:00:00,287.66
2014-01-28 19:00:00,304.74
2014-01-28 20:00:00,257.31
2014-01-28 21:00:00,249.95
2014-01-28 22:00:00,216.95
2014-01-28 23:00:00,146.83
2014-01-29 00:00:00,61.85
2014-01-29 01:00:00,56.74
2014-01-29 02:00:00,48.33
2014-01-29 03:00:00,47.48
2014-01-29 04:00:00,45.93
2014-01-29 05:00:00,54.82
2014-01-29 06:00:00,74.73
2014-01-29 07:00:00,155.44
2014-01-29 08:00:00,136.79
2014-01-29 09:00:00,106.94
2014-01-29 10:00:00,87.15
2014-01-29 11:00:00,79.53
2014-01-29 12:00:00,67.78
2014-01-29 13:00:00,62.09
2014-01-29 14:00:00,54.93
2014-01-29 15:00:00,47.34
2014-01-29 16:00:00,46.04
2014-01-29 17:00:00,59.38
2014-01-29 18:00:00,89.14
2014-01-29 19:00:00,75.86
2014-01-29 20:00:00,70.66
2014-01-29 21:00:00,60.44
2014-01-29 22:00:00,52.4
2014-01-29 23:00:00,43.18
2014-01-30 00:00:00,36.160000000000004
2014-01-30 01:00:00,33.14
2014-01-30 02:00:00,31.82
2014-01-30 03:00:00,31.23
2014-01-30 04:00:00,33.56
2014-01-30 05:00:00,36.160000000000004
2014-01-30 06:00:00,49.74
2014-01-30 07:00:00,70.21000000000001
2014-01-30 08:00:00,71.96000000000001
2014-01-30 09:00:00,59.7
2014-01-30 10:00:00,53.03
2014-01-30 11:00:00,49.24
2014-01-30 12:00:00,47.42
2014-01-30 13:00:00,40.74
2014-01-30 14:00:00,37.300000000000004
2014-01-30 15:00:00,34.26
2014-01-30 16:00:00,33.62
2014-01-30 17:00:00,40.35
2014-01-30 18:00:00,59.83
2014-01-30 19:00:00,58.21
2014-01-30 20:00:00,56.06
2014-01-30 21:00:00,47.06
2014-01-30 22:00:00,40.45
2014-01-30 23:00:00,32.67
2014-01-31 00:00:00,35.53
2014-01-31 01:00:00,33.59
2014-01-31 02:00:00,33.53
2014-01-31 03:00:00,33.1
2014-01-31 04:00:00,31.66
2014-01-31 05:00:00,35.28
2014-01-31 06:00:00,47.96
2014-01-31 07:00:00,67.61
2014-01-31 08:00:00,66.04
2014-01-31 09:00:00,64.13
2014-01-31 10:00:00,61.64
2014-01-31 11:00:00,56.89
2014-01-31 12:00:00,53.31
2014-01-31 13:00:00,49.88
2014-01-31 14:00:00,45.83
2014-01-31 15:00:00,41.36
2014-01-31 16:00:00,40.22
2014-01-31 17:00:00,49.94
2014-01-31 18:00:00,66.6
2014-01-31 19:00:00,61.07
2014-01-31 20:00:00,59.32
2014-01-31 21:00:00,53.31
2014-01-31 22:00:00,46.81
2014-01-31 23:00:00,39.58
2014-02-01 00:00:00,38.58
2014-02-01 01:00:00,34.12
2014-02-01 02:00:00,32.26
2014-02-01 03:00:00,29.9
2014-02-01 04:00:00,29.79
2014-02-01 05:00:00,30.96
2014-02-01 06:00:00,36.39
2014-02-01 07:00:00,42.0
2014-02-01 08:00:00,47.02
2014-02-01 09:00:00,49.37
2014-02-01 10:00:00,47.57
2014-02-01 11:00:00,43.18
2014-02-01 12:00:00,39.09
2014-02-01 13:00:00,35.53
2014-02-01 14:00:00,31.68
2014-02-01 15:00:00,30.28
2014-02-01 16:00:00,29.64
2014-02-01 17:00:00,35.28
2014-02-01 18:00:00,46.59
2014-02-01 19:00:00,43.72
2014-02-01 20:00:00,40.730000000000004
2014-02-01 21:00:00,36.7
2014-02-01 22:00:00,34.300000000000004
2014-02-01 23:00:00,29.47
2014-02-02 00:00:00,32.0
2014-02-02 01:00:00,34.730000000000004
2014-02-02 02:00:00,30.78
2014-02-02 03:00:00,29.65
2014-02-02 04:00:00,29.8
2014-02-02 05:00:00,28.74
2014-02-02 06:00:00,31.4
2014-02-02 07:00:00,35.07
2014-02-02 08:00:00,37.11
2014-02-02 09:00:00,41.16
2014-02-02 10:00:00,42.42
2014-02-02 11:00:00,39.300000000000004
2014-02-02 12:00:00,36.11
2014-02-02 13:00:00,37.06
2014-02-02 14:00:00,36.74
2014-02-02 15:00:00,34.19
2014-02-02 16:00:00,34.86
2014-02-02 17:00:00,39.29
2014-02-02 18:00:00,52.66
2014-02-02 19:00:00,50.83
2014-02-02 20:00:00,49.66
2014-02-02 21:00:00,44.72
2014-02-02 22:00:00,38.480000000000004
2014-02-02 23:00:00,35.47
2014-02-03 00:00:00,38.92
2014-02-03 01:00:00,36.94
2014-02-03 02:00:00,36.08
2014-02-03 03:00:00,35.43
2014-02-03 04:00:00,35.87
2014-02-03 05:00:00,39.910000000000004
2014-02-03 06:00:00,55.06
2014-02-03 07:00:00,68.17
2014-02-03 08:00:00,72.83
2014-02-03 09:00:00,73.5
2014-02-03 10:00:00,69.35000000000001
2014-02-03 11:00:00,61.68
2014-02-03 12:00:00,56.16
2014-02-03 13:00:00,49.74
2014-02-03 14:00:00,48.22
2014-02-03 15:00:00,44.79
2014-02-03 16:00:00,42.02
2014-02-03 17:00:00,56.45
2014-02-03 18:00:00,80.37
2014-02-03 19:00:00,75.85000000000001
2014-02-03 20:00:00,69.94
2014-02-03 21:00:00,61.66
2014-02-03 22:00:00,56.06
2014-02-03 23:00:00,49.66
2014-02-04 00:00:00,45.86
2014-02-04 01:00:00,40.34
2014-02-04 02:00:00,38.0
2014-02-04 03:00:00,36.99
2014-02-04 04:00:00,35.45
2014-02-04 05:00:00,43.04
2014-02-04 06:00:00,53.58
2014-02-04 07:00:00,72.05
2014-02-04 08:00:00,70.89
2014-02-04 09:00:00,67.9
2014-02-04 10:00:00,65.15
2014-02-04 11:00:00,59.07
2014-02-04 12:00:00,54.34
2014-02-04 13:00:00,49.64
2014-02-04 14:00:00,47.39
2014-02-04 15:00:00,44.21
2014-02-04 16:00:00,42.25
2014-02-04 17:00:00,49.45
2014-02-04 18:00:00,66.26
2014-02-04 19:00:00,64.18
2014-02-04 20:00:00,58.57
2014-02-04 21:00:00,51.35
2014-02-04 22:00:00,44.64
2014-02-04 23:00:00,39.7
2014-02-05 00:00:00,34.81
2014-02-05 01:00:00,30.86
2014-02-05 02:00:00,30.19
2014-02-05 03:00:00,29.96
2014-02-05 04:00:00,29.56
2014-02-05 05:00:00,31.84
2014-02-05 06:00:00,41.38
2014-02-05 07:00:00,60.26
2014-02-05 08:00:00,62.7
2014-02-05 09:00:00,57.82
2014-02-05 10:00:00,54.42
2014-02-05 11:00:00,50.77
2014-02-05 12:00:00,47.14
2014-02-05 13:00:00,43.87
2014-02-05 14:00:00,42.56
2014-02-05 15:00:00,40.12
2014-02-05 16:00:00,39.54
2014-02-05 17:00:00,49.63
2014-02-05 18:00:00,74.83
2014-02-05 19:00:00,75.89
2014-02-05 20:00:00,68.12
2014-02-05 21:00:00,56.79
2014-02-05 22:00:00,47.24
2014-02-05 23:00:00,40.33
2014-02-06 00:00:00,58.27
2014-02-06 01:00:00,52.67
2014-02-06 02:00:00,50.51
2014-02-06 03:00:00,50.05
2014-02-06 04:00:00,50.75
2014-02-06 05:00:00,55.08
2014-02-06 06:00:00,82.07
2014-02-06 07:00:00,121.81
2014-02-06 08:00:00,124.26
2014-02-06 09:00:00,102.09
2014-02-06 10:00:00,101.86
2014-02-06 11:00:00,84.0
2014-02-06 12:00:00,76.24
2014-02-06 13:00:00,68.36
2014-02-06 14:00:00,65.37
2014-02-06 15:00:00,57.13
2014-02-06 16:00:00,55.17
2014-02-06 17:00:00,67.09
2014-02-06 18:00:00,122.57
2014-02-06 19:00:00,118.52
2014-02-06 20:00:00,104.3
2014-02-06 21:00:00,83.01
2014-02-06 22:00:00,69.08
2014-02-06 23:00:00,57.98
2014-02-07 00:00:00,61.75
2014-02-07 01:00:00,56.7
2014-02-07 02:00:00,54.52
2014-02-07 03:00:00,53.59
2014-02-07 04:00:00,54.22
2014-02-07 05:00:00,62.1
2014-02-07 06:00:00,85.46
2014-02-07 07:00:00,135.28
2014-02-07 08:00:00,125.92
2014-02-07 09:00:00,103.45
2014-02-07 10:00:00,95.03
2014-02-07 11:00:00,85.17
2014-02-07 12:00:00,73.21000000000001
2014-02-07 13:00:00,66.03
2014-02-07 14:00:00,61.08
2014-02-07 15:00:00,56.3
2014-02-07 16:00:00,55.51
2014-02-07 17:00:00,62.66
2014-02-07 18:00:00,96.63
2014-02-07 19:00:00,90.56
2014-02-07 20:00:00,80.47
2014-02-07 21:00:00,71.54
2014-02-07 22:00:00,60.2
2014-02-07 23:00:00,57.22
2014-02-08 00:00:00,58.74
2014-02-08 01:00:00,51.64
2014-02-08 02:00:00,52.2
2014-02-08 03:00:00,49.64
2014-02-08 04:00:00,48.17
2014-02-08 05:00:00,46.36
2014-02-08 06:00:00,56.13
2014-02-08 07:00:00,66.51
2014-02-08 08:00:00,75.69
2014-02-08 09:00:00,87.21
2014-02-08 10:00:00,79.47
2014-02-08 11:00:00,67.17
2014-02-08 12:00:00,60.45
2014-02-08 13:00:00,56.95
2014-02-08 14:00:00,54.41
2014-02-08 15:00:00,51.34
2014-02-08 16:00:00,50.98
2014-02-08 17:00:00,58.92
2014-02-08 18:00:00,73.12
2014-02-08 19:00:00,72.3
2014-02-08 20:00:00,65.46000000000001
2014-02-08 21:00:00,59.09
2014-02-08 22:00:00,53.44
2014-02-08 23:00:00,50.9
2014-02-09 00:00:00,58.15
2014-02-09 01:00:00,54.21
2014-02-09 02:00:00,50.24
2014-02-09 03:00:00,42.49
2014-02-09 04:00:00,38.86
2014-02-09 05:00:00,39.26
2014-02-09 06:00:00,43.82
2014-02-09 07:00:00,47.71
2014-02-09 08:00:00,53.93
2014-02-09 09:00:00,56.53
2014-02-09 10:00:00,57.22
2014-02-09 11:00:00,50.7
2014-02-09 12:00:00,45.7
2014-02-09 13:00:00,43.61
2014-02-09 14:00:00,43.2
2014-02-09 15:00:00,40.08
2014-02-09 16:00:00,41.22
2014-02-09 17:00:00,52.06
2014-02-09 18:00:00,73.61
2014-02-09 19:00:00,72.48
2014-02-09 20:00:00,65.37
2014-02-09 21:00:00,61.45
2014-02-09 22:00:00,57.55
2014-02-09 23:00:00,53.28
2014-02-10 00:00:00,49.11
2014-02-10 01:00:00,45.96
2014-02-10 02:00:00,44.62
2014-02-10 03:00:00,44.66
2014-02-10 04:00:00,47.23
2014-02-10 05:00:00,55.01
2014-02-10 06:00:00,78.34
2014-02-10 07:00:00,129.67000000000002
2014-02-10 08:00:00,121.29
2014-02-10 09:00:00,114.67
2014-02-10 10:00:00,107.68
2014-02-10 11:00:00,94.62
2014-02-10 12:00:00,89.16
2014-02-10 13:00:00,84.69
2014-02-10 14:00:00,77.9
2014-02-10 15:00:00,71.10000000000001
2014-02-10 16:00:00,70.61
2014-02-10 17:00:00,87.13
2014-02-10 18:00:00,123.94
2014-02-10 19:00:00,143.37
2014-02-10 20:00:00,120.06
2014-02-10 21:00:00,103.26
2014-02-10 22:00:00,85.68
2014-02-10 23:00:00,74.51
2014-02-11 00:00:00,94.55
2014-02-11 01:00:00,83.46
2014-02-11 02:00:00,76.5
2014-02-11 03:00:00,75.95
2014-02-11 04:00:00,73.10000000000001
2014-02-11 05:00:00,84.34
2014-02-11 06:00:00,111.62
2014-02-11 07:00:00,149.77
2014-02-11 08:00:00,140.26
2014-02-11 09:00:00,120.81
2014-02-11 10:00:00,112.33
2014-02-11 11:00:00,99.43
2014-02-11 12:00:00,89.67
2014-02-11 13:00:00,79.03
2014-02-11 14:00:00,71.78
2014-02-11 15:00:00,61.41
2014-02-11 16:00:00,59.31
2014-02-11 17:00:00,74.45
2014-02-11 18:00:00,121.73
2014-02-11 19:00:00,123.72
2014-02-11 20:00:00,105.23
2014-02-11 21:00:00,89.49
2014-02-11 22:00:00,74.08
2014-02-11 23:00:00,61.56
2014-02-12 00:00:00,63.12
2014-02-12 01:00:00,61.17
2014-02-12 02:00:00,58.51
2014-02-12 03:00:00,57.53
2014-02-12 04:00:00,59.1
2014-02-12 05:00:00,68.36
2014-02-12 06:00:00,88.4
2014-02-12 07:00:00,135.06
2014-02-12 08:00:00,108.66
2014-02-12 09:00:00,99.87
2014-02-12 10:00:00,91.5
2014-02-12 11:00:00,84.52
2014-02-12 12:00:00,81.47
2014-02-12 13:00:00,78.55
2014-02-12 14:00:00,74.2
2014-02-12 15:00:00,67.46000000000001
2014-02-12 16:00:00,62.37
2014-02-12 17:00:00,75.9
2014-02-12 18:00:00,111.09
2014-02-12 19:00:00,108.87
2014-02-12 20:00:00,94.51
2014-02-12 21:00:00,82.25
2014-02-12 22:00:00,67.74
2014-02-12 23:00:00,56.8
2014-02-13 00:00:00,48.91
2014-02-13 01:00:00,44.95
2014-02-13 02:00:00,44.04
2014-02-13 03:00:00,43.16
2014-02-13 04:00:00,42.87
2014-02-13 05:00:00,48.1
2014-02-13 06:00:00,59.72
2014-02-13 07:00:00,94.54
2014-02-13 08:00:00,82.99
2014-02-13 09:00:00,69.68
2014-02-13 10:00:00,62.25
2014-02-13 11:00:00,53.79
2014-02-13 12:00:00,50.52
2014-02-13 13:00:00,49.12
2014-02-13 14:00:00,44.09
2014-02-13 15:00:00,40.01
2014-02-13 16:00:00,40.65
2014-02-13 17:00:00,46.85
2014-02-13 18:00:00,68.8
2014-02-13 19:00:00,75.3
2014-02-13 20:00:00,64.3
2014-02-13 21:00:00,59.65
2014-02-13 22:00:00,53.54
2014-02-13 23:00:00,42.14
2014-02-14 00:00:00,40.7
2014-02-14 01:00:00,41.99
2014-02-14 02:00:00,38.06
2014-02-14 03:00:00,38.34
2014-02-14 04:00:00,41.1
2014-02-14 05:00:00,42.98
2014-02-14 06:00:00,54.55
2014-02-14 07:00:00,75.26
2014-02-14 08:00:00,68.55
2014-02-14 09:00:00,63.76
2014-02-14 10:00:00,55.19
2014-02-14 11:00:00,52.89
2014-02-14 12:00:00,49.98
2014-02-14 13:00:00,47.99
2014-02-14 14:00:00,45.57
2014-02-14 15:00:00,42.68
2014-02-14 16:00:00,40.46
2014-02-14 17:00:00,44.96
2014-02-14 18:00:00,63.43
2014-02-14 19:00:00,69.60000000000001
2014-02-14 20:00:00,61.72
2014-02-14 21:00:00,56.28
2014-02-14 22:00:00,55.04
2014-02-14 23:00:00,50.04
2014-02-15 00:00:00,45.94
2014-02-15 01:00:00,40.14
2014-02-15 02:00:00,37.02
2014-02-15 03:00:00,34.13
2014-02-15 04:00:00,33.86
2014-02-15 05:00:00,34.4
2014-02-15 06:00:00,38.25
2014-02-15 07:00:00,47.94
2014-02-15 08:00:00,57.65
2014-02-15 09:00:00,61.26
2014-02-15 10:00:00,52.56
2014-02-15 11:00:00,48.2
2014-02-15 12:00:00,43.27
2014-02-15 13:00:00,37.300000000000004
2014-02-15 14:00:00,35.32
2014-02-15 15:00:00,33.69
2014-02-15 16:00:00,36.33
2014-02-15 17:00:00,41.89
2014-02-15 18:00:00,58.14
2014-02-15 19:00:00,60.38
2014-02-15 20:00:00,50.71
2014-02-15 21:00:00,47.61
2014-02-15 22:00:00,45.46
2014-02-15 23:00:00,41.29
2014-02-16 00:00:00,38.42
2014-02-16 01:00:00,36.17
2014-02-16 02:00:00,36.13
2014-02-16 03:00:00,34.82
2014-02-16 04:00:00,35.67
2014-02-16 05:00:00,35.43
2014-02-16 06:00:00,37.06
2014-02-16 07:00:00,38.21
2014-02-16 08:00:00,45.47
2014-02-16 09:00:00,53.69
2014-02-16 10:00:00,49.84
2014-02-16 11:00:00,46.88
2014-02-16 12:00:00,43.36
2014-02-16 13:00:00,39.65
2014-02-16 14:00:00,34.86
2014-02-16 15:00:00,33.56
2014-02-16 16:00:00,33.45
2014-02-16 17:00:00,37.410000000000004
2014-02-16 18:00:00,49.69
2014-02-16 19:00:00,51.97
2014-02-16 20:00:00,48.18
2014-02-16 21:00:00,45.65
2014-02-16 22:00:00,38.86
2014-02-16 23:00:00,35.18
2014-02-17 00:00:00,34.67
2014-02-17 01:00:00,30.98
2014-02-17 02:00:00,29.99
2014-02-17 03:00:00,29.98
2014-02-17 04:00:00,31.59
2014-02-17 05:00:00,34.89
2014-02-17 06:00:00,43.62
2014-02-17 07:00:00,60.22
2014-02-17 08:00:00,53.75
2014-02-17 09:00:00,55.72
2014-02-17 10:00:00,53.11
2014-02-17 11:00:00,51.59
2014-02-17 12:00:00,47.22
2014-02-17 13:00:00,44.28
2014-02-17 14:00:00,42.44
2014-02-17 15:00:00,40.15
2014-02-17 16:00:00,41.31
2014-02-17 17:00:00,46.16
2014-02-17 18:00:00,61.22
2014-02-17 19:00:00,65.13
2014-02-17 20:00:00,57.67
2014-02-17 21:00:00,50.05
2014-02-17 22:00:00,47.01
2014-02-17 23:00:00,39.38
2014-02-18 00:00:00,34.11
2014-02-18 01:00:00,29.8
2014-02-18 02:00:00,26.99
2014-02-18 03:00:00,26.49
2014-02-18 04:00:00,26.05
2014-02-18 05:00:00,27.85
2014-02-18 06:00:00,39.52
2014-02-18 07:00:00,60.03
2014-02-18 08:00:00,52.56
2014-02-18 09:00:00,51.89
2014-02-18 10:00:00,50.19
2014-02-18 11:00:00,49.14
2014-02-18 12:00:00,43.54
2014-02-18 13:00:00,39.39
2014-02-18 14:00:00,37.29
2014-02-18 15:00:00,34.35
2014-02-18 16:00:00,36.56
2014-02-18 17:00:00,38.61
2014-02-18 18:00:00,52.28
2014-02-18 19:00:00,54.68
2014-02-18 20:00:00,47.24
2014-02-18 21:00:00,41.42
2014-02-18 22:00:00,35.81
2014-02-18 23:00:00,31.64
2014-02-19 00:00:00,29.53
2014-02-19 01:00:00,26.57
2014-02-19 02:00:00,26.12
2014-02-19 03:00:00,25.63
2014-02-19 04:00:00,27.6
2014-02-19 05:00:00,30.25
2014-02-19 06:00:00,44.09
2014-02-19 07:00:00,63.0
2014-02-19 08:00:00,56.96
2014-02-19 09:00:00,56.7
2014-02-19 10:00:00,53.48
2014-02-19 11:00:00,50.09
2014-02-19 12:00:00,44.11
2014-02-19 13:00:00,41.2
2014-02-19 14:00:00,39.730000000000004
2014-02-19 15:00:00,37.53
2014-02-19 16:00:00,37.06
2014-02-19 17:00:00,40.63
2014-02-19 18:00:00,52.4
2014-02-19 19:00:00,56.72
2014-02-19 20:00:00,49.85
2014-02-19 21:00:00,43.71
2014-02-19 22:00:00,39.77
2014-02-19 23:00:00,31.74
2014-02-20 00:00:00,26.5
2014-02-20 01:00:00,23.93
2014-02-20 02:00:00,24.63
2014-02-20 03:00:00,26.0
2014-02-20 04:00:00,28.58
2014-02-20 05:00:00,30.2
2014-02-20 06:00:00,43.2
2014-02-20 07:00:00,58.35
2014-02-20 08:00:00,53.06
2014-02-20 09:00:00,50.94
2014-02-20 10:00:00,47.61
2014-02-20 11:00:00,44.28
2014-02-20 12:00:00,41.82
2014-02-20 13:00:00,39.050000000000004
2014-02-20 14:00:00,38.29
2014-02-20 15:00:00,36.24
2014-02-20 16:00:00,36.660000000000004
2014-02-20 17:00:00,38.54
2014-02-20 18:00:00,48.28
2014-02-20 19:00:00,52.65
2014-02-20 20:00:00,46.31
2014-02-20 21:00:00,39.93
2014-02-20 22:00:00,34.81
2014-02-20 23:00:00,26.97
2014-02-21 00:00:00,24.74
2014-02-21 01:00:00,23.94
2014-02-21 02:00:00,22.6
2014-02-21 03:00:00,22.85
2014-02-21 04:00:00,23.5
2014-02-21 05:00:00,24.15
2014-02-21 06:00:00,37.0
2014-02-21 07:00:00,53.85
2014-02-21 08:00:00,48.8
2014-02-21 09:00:00,48.16
2014-02-21 10:00:00,46.92
2014-02-21 11:00:00,42.42
2014-02-21 12:00:00,40.13
2014-02-21 13:00:00,36.660000000000004
2014-02-21 14:00:00,34.72
2014-02-21 15:00:00,32.71
2014-02-21 16:00:00,34.97
2014-02-21 17:00:00,36.59
2014-02-21 18:00:00,52.5
2014-02-21 19:00:00,56.54
2014-02-21 20:00:00,47.69
2014-02-21 21:00:00,40.11
2014-02-21 22:00:00,37.11
2014-02-21 23:00:00,32.83
2014-02-22 00:00:00,34.54
2014-02-22 01:00:00,31.63
2014-02-22 02:00:00,30.65
2014-02-22 03:00:00,29.57
2014-02-22 04:00:00,29.01
2014-02-22 05:00:00,30.970000000000006
2014-02-22 06:00:00,33.29
2014-02-22 07:00:00,41.28
2014-02-22 08:00:00,46.78
2014-02-22 09:00:00,52.18
2014-02-22 10:00:00,51.88
2014-02-22 11:00:00,45.23
2014-02-22 12:00:00,40.46
2014-02-22 13:00:00,37.94
2014-02-22 14:00:00,35.58
2014-02-22 15:00:00,33.35
2014-02-22 16:00:00,33.18
2014-02-22 17:00:00,37.81
2014-02-22 18:00:00,51.31
2014-02-22 19:00:00,55.56
2014-02-22 20:00:00,48.98
2014-02-22 21:00:00,44.65
2014-02-22 22:00:00,42.45
2014-02-22 23:00:00,35.83
2014-02-23 00:00:00,34.72
2014-02-23 01:00:00,36.56
2014-02-23 02:00:00,35.14
2014-02-23 03:00:00,34.800000000000004
2014-02-23 04:00:00,34.67
2014-02-23 05:00:00,35.71
2014-02-23 06:00:00,35.71
2014-02-23 07:00:00,35.97
2014-02-23 08:00:00,39.32
2014-02-23 09:00:00,44.42
2014-02-23 10:00:00,44.58
2014-02-23 11:00:00,40.92
2014-02-23 12:00:00,37.51
2014-02-23 13:00:00,34.480000000000004
2014-02-23 14:00:00,33.29
2014-02-23 15:00:00,32.4
2014-02-23 16:00:00,34.160000000000004
2014-02-23 17:00:00,40.550000000000004
2014-02-23 18:00:00,57.26
2014-02-23 19:00:00,68.24
2014-02-23 20:00:00,57.69
2014-02-23 21:00:00,56.06
2014-02-23 22:00:00,53.81
2014-02-23 23:00:00,47.68
2014-02-24 00:00:00,35.96
2014-02-24 01:00:00,34.35
2014-02-24 02:00:00,32.74
2014-02-24 03:00:00,34.46
2014-02-24 04:00:00,36.910000000000004
2014-02-24 05:00:00,45.3
2014-02-24 06:00:00,62.31
2014-02-24 07:00:00,127.96
2014-02-24 08:00:00,102.82
2014-02-24 09:00:00,100.66
2014-02-24 10:00:00,93.93
2014-02-24 11:00:00,84.89
2014-02-24 12:00:00,77.84
2014-02-24 13:00:00,67.4
2014-02-24 14:00:00,62.36
2014-02-24 15:00:00,57.35
2014-02-24 16:00:00,56.79
2014-02-24 17:00:00,63.22
2014-02-24 18:00:00,98.67
2014-02-24 19:00:00,119.47
2014-02-24 20:00:00,94.49
2014-02-24 21:00:00,75.74
2014-02-24 22:00:00,73.75
2014-02-24 23:00:00,57.62
2014-02-25 00:00:00,41.69
2014-02-25 01:00:00,37.13
2014-02-25 02:00:00,36.31
2014-02-25 03:00:00,35.83
2014-02-25 04:00:00,36.45
2014-02-25 05:00:00,40.2
2014-02-25 06:00:00,62.65
2014-02-25 07:00:00,87.12
2014-02-25 08:00:00,75.72
2014-02-25 09:00:00,74.56
2014-02-25 10:00:00,70.84
2014-02-25 11:00:00,63.62
2014-02-25 12:00:00,65.3
2014-02-25 13:00:00,59.36
2014-02-25 14:00:00,52.48
2014-02-25 15:00:00,49.93
2014-02-25 16:00:00,39.660000000000004
2014-02-25 17:00:00,50.95
2014-02-25 18:00:00,74.2
2014-02-25 19:00:00,91.32
2014-02-25 20:00:00,80.08
2014-02-25 21:00:00,61.77
2014-02-25 22:00:00,64.27
2014-02-25 23:00:00,52.39
2014-02-26 00:00:00,37.08
2014-02-26 01:00:00,36.72
2014-02-26 02:00:00,39.28
2014-02-26 03:00:00,39.53
2014-02-26 04:00:00,41.57
2014-02-26 05:00:00,50.51
2014-02-26 06:00:00,72.52
2014-02-26 07:00:00,108.1
2014-02-26 08:00:00,89.96
2014-02-26 09:00:00,83.75
2014-02-26 10:00:00,77.84
2014-02-26 11:00:00,68.99
2014-02-26 12:00:00,61.06
2014-02-26 13:00:00,55.27
2014-02-26 14:00:00,44.69
2014-02-26 15:00:00,42.01
2014-02-26 16:00:00,42.98
2014-02-26 17:00:00,50.85
2014-02-26 18:00:00,78.46000000000001
2014-02-26 19:00:00,99.74
2014-02-26 20:00:00,80.95
2014-02-26 21:00:00,62.65
2014-02-26 22:00:00,50.94
2014-02-26 23:00:00,44.22
2014-02-27 00:00:00,31.19
2014-02-27 01:00:00,29.56
2014-02-27 02:00:00,29.7
2014-02-27 03:00:00,30.05
2014-02-27 04:00:00,31.41
2014-02-27 05:00:00,36.29
2014-02-27 06:00:00,62.26
2014-02-27 07:00:00,111.42
2014-02-27 08:00:00,102.39
2014-02-27 09:00:00,99.53
2014-02-27 10:00:00,93.97
2014-02-27 11:00:00,88.6
2014-02-27 12:00:00,78.8
2014-02-27 13:00:00,71.35000000000001
2014-02-27 14:00:00,64.62
2014-02-27 15:00:00,57.22
2014-02-27 16:00:00,55.39
2014-02-27 17:00:00,61.92
2014-02-27 18:00:00,107.08
2014-02-27 19:00:00,150.68
2014-02-27 20:00:00,105.79
2014-02-27 21:00:00,84.15
2014-02-27 22:00:00,67.04
2014-02-27 23:00:00,58.36
2014-02-28 00:00:00,63.46
2014-02-28 01:00:00,57.23
2014-02-28 02:00:00,45.35
2014-02-28 03:00:00,43.24
2014-02-28 04:00:00,43.24
2014-02-28 05:00:00,49.76
2014-02-28 06:00:00,71.06
2014-02-28 07:00:00,107.75
2014-02-28 08:00:00,80.04
2014-02-28 09:00:00,72.71000000000001
2014-02-28 10:00:00,68.75
2014-02-28 11:00:00,64.03
2014-02-28 12:00:00,55.64
2014-02-28 13:00:00,51.72
2014-02-28 14:00:00,51.11
2014-02-28 15:00:00,48.95
2014-02-28 16:00:00,45.8
2014-02-28 17:00:00,49.72
2014-02-28 18:00:00,67.49
2014-02-28 19:00:00,88.64
2014-02-28 20:00:00,61.28
2014-02-28 21:00:00,56.1
2014-02-28 22:00:00,45.59
2014-02-28 23:00:00,39.71
2014-03-01 00:00:00,40.410000000000004
2014-03-01 01:00:00,34.76
2014-03-01 02:00:00,34.02
2014-03-01 03:00:00,33.0
2014-03-01 04:00:00,32.93
2014-03-01 05:00:00,27.41
2014-03-01 06:00:00,32.27
2014-03-01 07:00:00,41.97
2014-03-01 08:00:00,51.38
2014-03-01 09:00:00,58.27
2014-03-01 10:00:00,59.98
2014-03-01 11:00:00,53.14
2014-03-01 12:00:00,48.96
2014-03-01 13:00:00,45.51
2014-03-01 14:00:00,43.36
2014-03-01 15:00:00,40.49
2014-03-01 16:00:00,42.02
2014-03-01 17:00:00,49.28
2014-03-01 18:00:00,56.24
2014-03-01 19:00:00,67.66
2014-03-01 20:00:00,57.53
2014-03-01 21:00:00,50.95
2014-03-01 22:00:00,47.93
2014-03-01 23:00:00,41.75
2014-03-02 00:00:00,54.56
2014-03-02 01:00:00,50.42
2014-03-02 02:00:00,44.69
2014-03-02 03:00:00,42.81
2014-03-02 04:00:00,42.7
2014-03-02 05:00:00,41.58
2014-03-02 06:00:00,43.06
2014-03-02 07:00:00,47.59
2014-03-02 08:00:00,51.55
2014-03-02 09:00:00,58.5
2014-03-02 10:00:00,60.4
2014-03-02 11:00:00,60.1
2014-03-02 12:00:00,53.88
2014-03-02 13:00:00,55.85
2014-03-02 14:00:00,54.51
2014-03-02 15:00:00,52.82
2014-03-02 16:00:00,56.78
2014-03-02 17:00:00,60.37
2014-03-02 18:00:00,76.58
2014-03-02 19:00:00,99.15
2014-03-02 20:00:00,80.85000000000001
2014-03-02 21:00:00,72.51
2014-03-02 22:00:00,66.43
2014-03-02 23:00:00,54.08
2014-03-03 00:00:00,59.82
2014-03-03 01:00:00,60.65
2014-03-03 02:00:00,60.76
2014-03-03 03:00:00,58.96
2014-03-03 04:00:00,66.14
2014-03-03 05:00:00,76.9
2014-03-03 06:00:00,114.17
2014-03-03 07:00:00,179.18
2014-03-03 08:00:00,154.07
2014-03-03 09:00:00,141.06
2014-03-03 10:00:00,134.2
2014-03-03 11:00:00,121.57
2014-03-03 12:00:00,108.34
2014-03-03 13:00:00,95.13
2014-03-03 14:00:00,82.7
2014-03-03 15:00:00,75.02
2014-03-03 16:00:00,72.9
2014-03-03 17:00:00,81.8
2014-03-03 18:00:00,125.21
2014-03-03 19:00:00,180.82
2014-03-03 20:00:00,142.73
2014-03-03 21:00:00,113.9
2014-03-03 22:00:00,89.99
2014-03-03 23:00:00,68.03
2014-03-04 00:00:00,86.26
2014-03-04 01:00:00,80.27
2014-03-04 02:00:00,78.8
2014-03-04 03:00:00,76.31
2014-03-04 04:00:00,79.01
2014-03-04 05:00:00,96.28
2014-03-04 06:00:00,166.56
2014-03-04 07:00:00,275.21
2014-03-04 08:00:00,249.55
2014-03-04 09:00:00,218.21
2014-03-04 10:00:00,196.75
2014-03-04 11:00:00,171.49
2014-03-04 12:00:00,147.20000000000002
2014-03-04 13:00:00,132.66
2014-03-04 14:00:00,110.89
2014-03-04 15:00:00,102.72
2014-03-04 16:00:00,99.86
2014-03-04 17:00:00,109.49
2014-03-04 18:00:00,139.94
2014-03-04 19:00:00,209.14
2014-03-04 20:00:00,187.84
2014-03-04 21:00:00,170.11
2014-03-04 22:00:00,117.12
2014-03-04 23:00:00,75.15
2014-03-05 00:00:00,59.73
2014-03-05 01:00:00,57.23
2014-03-05 02:00:00,55.41
2014-03-05 03:00:00,53.42
2014-03-05 04:00:00,49.12
2014-03-05 05:00:00,54.65
2014-03-05 06:00:00,76.83
2014-03-05 07:00:00,130.69
2014-03-05 08:00:00,109.66
2014-03-05 09:00:00,93.89
2014-03-05 10:00:00,89.04
2014-03-05 11:00:00,84.96
2014-03-05 12:00:00,74.46000000000001
2014-03-05 13:00:00,65.2
2014-03-05 14:00:00,61.55
2014-03-05 15:00:00,58.97
2014-03-05 16:00:00,56.29
2014-03-05 17:00:00,61.5
2014-03-05 18:00:00,81.71000000000001
2014-03-05 19:00:00,106.8
2014-03-05 20:00:00,86.72
2014-03-05 21:00:00,76.91
2014-03-05 22:00:00,56.21
2014-03-05 23:00:00,51.75
2014-03-06 00:00:00,44.84
2014-03-06 01:00:00,40.22
2014-03-06 02:00:00,37.17
2014-03-06 03:00:00,36.31
2014-03-06 04:00:00,35.64
2014-03-06 05:00:00,39.800000000000004
2014-03-06 06:00:00,56.29
2014-03-06 07:00:00,73.82000000000001
2014-03-06 08:00:00,63.42
2014-03-06 09:00:00,57.37
2014-03-06 10:00:00,54.51
2014-03-06 11:00:00,52.49
2014-03-06 12:00:00,45.85
2014-03-06 13:00:00,41.46
2014-03-06 14:00:00,40.11
2014-03-06 15:00:00,37.230000000000004
2014-03-06 16:00:00,35.35
2014-03-06 17:00:00,38.550000000000004
2014-03-06 18:00:00,49.91
2014-03-06 19:00:00,63.46
2014-03-06 20:00:00,53.47
2014-03-06 21:00:00,47.84
2014-03-06 22:00:00,40.99
2014-03-06 23:00:00,31.23
2014-03-07 00:00:00,34.11
2014-03-07 01:00:00,33.09
2014-03-07 02:00:00,31.93
2014-03-07 03:00:00,32.26
2014-03-07 04:00:00,30.87
2014-03-07 05:00:00,30.34
2014-03-07 06:00:00,45.07
2014-03-07 07:00:00,57.52
2014-03-07 08:00:00,51.36
2014-03-07 09:00:00,47.51
2014-03-07 10:00:00,45.87
2014-03-07 11:00:00,44.08
2014-03-07 12:00:00,41.31
2014-03-07 13:00:00,39.39
2014-03-07 14:00:00,37.59
2014-03-07 15:00:00,35.49
2014-03-07 16:00:00,33.29
2014-03-07 17:00:00,34.42
2014-03-07 18:00:00,42.66
2014-03-07 19:00:00,47.72
2014-03-07 20:00:00,46.99
2014-03-07 21:00:00,41.62
2014-03-07 22:00:00,40.37
2014-03-07 23:00:00,38.9
2014-03-08 00:00:00,39.08
2014-03-08 01:00:00,34.24
2014-03-08 02:00:00,31.8
2014-03-08 03:00:00,31.32
2014-03-08 04:00:00,30.83
2014-03-08 05:00:00,32.81
2014-03-08 06:00:00,36.22
2014-03-08 07:00:00,42.95
2014-03-08 08:00:00,49.05
2014-03-08 09:00:00,53.43
2014-03-08 10:00:00,53.26
2014-03-08 11:00:00,50.47
2014-03-08 12:00:00,47.18
2014-03-08 13:00:00,43.03
2014-03-08 14:00:00,41.33
2014-03-08 15:00:00,38.08
2014-03-08 16:00:00,37.53
2014-03-08 17:00:00,40.94
2014-03-08 18:00:00,47.63
2014-03-08 19:00:00,55.67
2014-03-08 20:00:00,51.69
2014-03-08 21:00:00,46.44
2014-03-08 22:00:00,44.11
2014-03-08 23:00:00,37.82
2014-03-09 00:00:00,34.32
2014-03-09 01:00:00,33.9
2014-03-09 02:00:00,30.08
2014-03-09 03:00:00,26.92
2014-03-09 04:00:00,26.15
2014-03-09 05:00:00,27.02
2014-03-09 06:00:00,31.66
2014-03-09 07:00:00,37.03
2014-03-09 08:00:00,37.800000000000004
2014-03-09 09:00:00,38.95
2014-03-09 10:00:00,38.86
2014-03-09 11:00:00,35.54
2014-03-09 12:00:00,34.5
2014-03-09 13:00:00,30.46
2014-03-09 14:00:00,28.3
2014-03-09 15:00:00,28.49
2014-03-09 16:00:00,29.12
2014-03-09 17:00:00,31.58
2014-03-09 18:00:00,38.87
2014-03-09 19:00:00,46.15
2014-03-09 20:00:00,42.0
2014-03-09 21:00:00,37.67
2014-03-09 22:00:00,31.23
2014-03-09 23:00:00,25.42
2014-03-10 00:00:00,27.23
2014-03-10 01:00:00,25.12
2014-03-10 02:00:00,24.36
2014-03-10 03:00:00,23.5
2014-03-10 04:00:00,29.67
2014-03-10 05:00:00,38.58
2014-03-10 06:00:00,51.52
2014-03-10 07:00:00,58.17
2014-03-10 08:00:00,54.07
2014-03-10 09:00:00,52.21
2014-03-10 10:00:00,49.86
2014-03-10 11:00:00,46.51
2014-03-10 12:00:00,44.32
2014-03-10 13:00:00,40.89
2014-03-10 14:00:00,38.94
2014-03-10 15:00:00,41.09
2014-03-10 16:00:00,42.01
2014-03-10 17:00:00,44.59
2014-03-10 18:00:00,52.0
2014-03-10 19:00:00,62.29
2014-03-10 20:00:00,59.85
2014-03-10 21:00:00,44.38
2014-03-10 22:00:00,38.980000000000004
2014-03-10 23:00:00,35.49
2014-03-11 00:00:00,33.25
2014-03-11 01:00:00,29.89
2014-03-11 02:00:00,27.77
2014-03-11 03:00:00,27.62
2014-03-11 04:00:00,30.51
2014-03-11 05:00:00,38.56
2014-03-11 06:00:00,50.81
2014-03-11 07:00:00,46.87
2014-03-11 08:00:00,42.9
2014-03-11 09:00:00,40.9
2014-03-11 10:00:00,39.93
2014-03-11 11:00:00,38.46
2014-03-11 12:00:00,36.43
2014-03-11 13:00:00,34.77
2014-03-11 14:00:00,33.11
2014-03-11 15:00:00,32.42
2014-03-11 16:00:00,33.54
2014-03-11 17:00:00,34.97
2014-03-11 18:00:00,37.910000000000004
2014-03-11 19:00:00,49.61
2014-03-11 20:00:00,41.2
2014-03-11 21:00:00,34.11
2014-03-11 22:00:00,29.91
2014-03-11 23:00:00,26.75
2014-03-12 00:00:00,21.53
2014-03-12 01:00:00,18.86
2014-03-12 02:00:00,18.900000000000002
2014-03-12 03:00:00,19.330000000000002
2014-03-12 04:00:00,20.65
2014-03-12 05:00:00,28.65
2014-03-12 06:00:00,43.81
2014-03-12 07:00:00,42.51
2014-03-12 08:00:00,41.86
2014-03-12 09:00:00,41.53
2014-03-12 10:00:00,41.93
2014-03-12 11:00:00,40.63
2014-03-12 12:00:00,40.31
2014-03-12 13:00:00,39.68
2014-03-12 14:00:00,38.910000000000004
2014-03-12 15:00:00,39.07
2014-03-12 16:00:00,39.76
2014-03-12 17:00:00,41.63
2014-03-12 18:00:00,52.13
2014-03-12 19:00:00,80.78
2014-03-12 20:00:00,64.36
2014-03-12 21:00:00,49.01
2014-03-12 22:00:00,36.660000000000004
2014-03-12 23:00:00,36.2
2014-03-13 00:00:00,33.0
2014-03-13 01:00:00,32.12
2014-03-13 02:00:00,30.82
2014-03-13 03:00:00,30.76
2014-03-13 04:00:00,32.29
2014-03-13 05:00:00,40.21
2014-03-13 06:00:00,71.56
2014-03-13 07:00:00,69.05
2014-03-13 08:00:00,56.3
2014-03-13 09:00:00,52.14
2014-03-13 10:00:00,45.88
2014-03-13 11:00:00,43.0
2014-03-13 12:00:00,38.28
2014-03-13 13:00:00,36.21
2014-03-13 14:00:00,34.24
2014-03-13 15:00:00,32.67
2014-03-13 16:00:00,32.0
2014-03-13 17:00:00,33.85
2014-03-13 18:00:00,40.74
2014-03-13 19:00:00,58.46
2014-03-13 20:00:00,45.28
2014-03-13 21:00:00,37.56
2014-03-13 22:00:00,29.26
2014-03-13 23:00:00,26.7
2014-03-14 00:00:00,22.29
2014-03-14 01:00:00,20.46
2014-03-14 02:00:00,20.27
2014-03-14 03:00:00,19.92
2014-03-14 04:00:00,22.98
2014-03-14 05:00:00,31.56
2014-03-14 06:00:00,48.06
2014-03-14 07:00:00,43.51
2014-03-14 08:00:00,38.33
2014-03-14 09:00:00,36.88
2014-03-14 10:00:00,35.5
2014-03-14 11:00:00,33.44
2014-03-14 12:00:00,31.45
2014-03-14 13:00:00,29.8
2014-03-14 14:00:00,28.06
2014-03-14 15:00:00,27.12
2014-03-14 16:00:00,27.69
2014-03-14 17:00:00,30.47
2014-03-14 18:00:00,35.08
2014-03-14 19:00:00,45.41
2014-03-14 20:00:00,42.93
2014-03-14 21:00:00,37.76
2014-03-14 22:00:00,32.07
2014-03-14 23:00:00,32.21
2014-03-15 00:00:00,28.63
2014-03-15 01:00:00,28.02
2014-03-15 02:00:00,27.75
2014-03-15 03:00:00,27.62
2014-03-15 04:00:00,27.67
2014-03-15 05:00:00,28.81
2014-03-15 06:00:00,33.15
2014-03-15 07:00:00,36.74
2014-03-15 08:00:00,39.68
2014-03-15 09:00:00,41.85
2014-03-15 10:00:00,40.52
2014-03-15 11:00:00,35.93
2014-03-15 12:00:00,32.52
2014-03-15 13:00:00,30.63
2014-03-15 14:00:00,27.87
2014-03-15 15:00:00,27.01
2014-03-15 16:00:00,27.42
2014-03-15 17:00:00,28.11
2014-03-15 18:00:00,31.08
2014-03-15 19:00:00,38.92
2014-03-15 20:00:00,36.02
2014-03-15 21:00:00,30.33
2014-03-15 22:00:00,26.97
2014-03-15 23:00:00,24.52
2014-03-16 00:00:00,24.32
2014-03-16 01:00:00,23.68
2014-03-16 02:00:00,23.26
2014-03-16 03:00:00,23.47
2014-03-16 04:00:00,25.18
2014-03-16 05:00:00,26.64
2014-03-16 06:00:00,31.04
2014-03-16 07:00:00,35.84
2014-03-16 08:00:00,37.72
2014-03-16 09:00:00,41.97
2014-03-16 10:00:00,42.29
2014-03-16 11:00:00,41.45
2014-03-16 12:00:00,40.5
2014-03-16 13:00:00,37.49
2014-03-16 14:00:00,35.53
2014-03-16 15:00:00,34.480000000000004
2014-03-16 16:00:00,35.050000000000004
2014-03-16 17:00:00,36.95
2014-03-16 18:00:00,43.17
2014-03-16 19:00:00,63.6
2014-03-16 20:00:00,46.82
2014-03-16 21:00:00,37.32
2014-03-16 22:00:00,33.0
2014-03-16 23:00:00,30.33
2014-03-17 00:00:00,27.7
2014-03-17 01:00:00,26.0
2014-03-17 02:00:00,25.44
2014-03-17 03:00:00,25.16
2014-03-17 04:00:00,29.45
2014-03-17 05:00:00,37.27
2014-03-17 06:00:00,60.08
2014-03-17 07:00:00,61.7
2014-03-17 08:00:00,53.41
2014-03-17 09:00:00,47.34
2014-03-17 10:00:00,41.63
2014-03-17 11:00:00,37.52
2014-03-17 12:00:00,34.85
2014-03-17 13:00:00,34.550000000000004
2014-03-17 14:00:00,32.83
2014-03-17 15:00:00,31.58
2014-03-17 16:00:00,31.44
2014-03-17 17:00:00,32.14
2014-03-17 18:00:00,36.54
2014-03-17 19:00:00,56.83
2014-03-17 20:00:00,42.77
2014-03-17 21:00:00,35.78
2014-03-17 22:00:00,30.56
2014-03-17 23:00:00,26.79
2014-03-18 00:00:00,25.96
2014-03-18 01:00:00,23.79
2014-03-18 02:00:00,22.89
2014-03-18 03:00:00,24.25
2014-03-18 04:00:00,27.68
2014-03-18 05:00:00,34.74
2014-03-18 06:00:00,54.72
2014-03-18 07:00:00,59.57
2014-03-18 08:00:00,46.25
2014-03-18 09:00:00,42.12
2014-03-18 10:00:00,39.95
2014-03-18 11:00:00,38.12
2014-03-18 12:00:00,37.35
2014-03-18 13:00:00,36.19
2014-03-18 14:00:00,34.33
2014-03-18 15:00:00,32.09
2014-03-18 16:00:00,31.86
2014-03-18 17:00:00,32.43
2014-03-18 18:00:00,36.42
2014-03-18 19:00:00,51.46
2014-03-18 20:00:00,44.64
2014-03-18 21:00:00,34.29
2014-03-18 22:00:00,26.19
2014-03-18 23:00:00,22.83
2014-03-19 00:00:00,23.26
2014-03-19 01:00:00,20.38
2014-03-19 02:00:00,18.93
2014-03-19 03:00:00,18.82
2014-03-19 04:00:00,21.58
2014-03-19 05:00:00,30.9
2014-03-19 06:00:00,43.15
2014-03-19 07:00:00,44.66
2014-03-19 08:00:00,39.33
2014-03-19 09:00:00,37.39
2014-03-19 10:00:00,36.9
2014-03-19 11:00:00,34.9
2014-03-19 12:00:00,32.69
2014-03-19 13:00:00,32.11
2014-03-19 14:00:00,31.43
2014-03-19 15:00:00,30.38
2014-03-19 16:00:00,31.06
2014-03-19 17:00:00,32.24
2014-03-19 18:00:00,37.39
2014-03-19 19:00:00,54.47
2014-03-19 20:00:00,45.96
2014-03-19 21:00:00,38.07
2014-03-19 22:00:00,32.61
2014-03-19 23:00:00,29.23
2014-03-20 00:00:00,28.8
2014-03-20 01:00:00,26.65
2014-03-20 02:00:00,26.12
2014-03-20 03:00:00,26.83
2014-03-20 04:00:00,28.49
2014-03-20 05:00:00,38.230000000000004
2014-03-20 06:00:00,60.67
2014-03-20 07:00:00,51.82
2014-03-20 08:00:00,47.24
2014-03-20 09:00:00,44.21
2014-03-20 10:00:00,42.18
2014-03-20 11:00:00,41.0
2014-03-20 12:00:00,36.88
2014-03-20 13:00:00,35.2
2014-03-20 14:00:00,33.83
2014-03-20 15:00:00,32.57
2014-03-20 16:00:00,33.0
2014-03-20 17:00:00,34.17
2014-03-20 18:00:00,36.4
2014-03-20 19:00:00,48.79
2014-03-20 20:00:00,41.55
2014-03-20 21:00:00,34.92
2014-03-20 22:00:00,29.72
2014-03-20 23:00:00,26.96
2014-03-21 00:00:00,32.05
2014-03-21 01:00:00,27.73
2014-03-21 02:00:00,25.41
2014-03-21 03:00:00,24.57
2014-03-21 04:00:00,26.74
2014-03-21 05:00:00,34.76
2014-03-21 06:00:00,57.5
2014-03-21 07:00:00,46.52
2014-03-21 08:00:00,42.28
2014-03-21 09:00:00,39.9
2014-03-21 10:00:00,38.11
2014-03-21 11:00:00,35.97
2014-03-21 12:00:00,34.82
2014-03-21 13:00:00,33.85
2014-03-21 14:00:00,32.68
2014-03-21 15:00:00,31.4
2014-03-21 16:00:00,30.65
2014-03-21 17:00:00,30.51
2014-03-21 18:00:00,32.2
2014-03-21 19:00:00,39.44
2014-03-21 20:00:00,34.550000000000004
2014-03-21 21:00:00,30.0
2014-03-21 22:00:00,25.86
2014-03-21 23:00:00,23.38
2014-03-22 00:00:00,21.2
2014-03-22 01:00:00,20.5
2014-03-22 02:00:00,20.5
2014-03-22 03:00:00,20.38
2014-03-22 04:00:00,21.75
2014-03-22 05:00:00,23.65
2014-03-22 06:00:00,29.65
2014-03-22 07:00:00,32.52
2014-03-22 08:00:00,37.0
2014-03-22 09:00:00,40.7
2014-03-22 10:00:00,42.68
2014-03-22 11:00:00,39.44
2014-03-22 12:00:00,36.050000000000004
2014-03-22 13:00:00,34.85
2014-03-22 14:00:00,33.17
2014-03-22 15:00:00,32.52
2014-03-22 16:00:00,33.32
2014-03-22 17:00:00,34.05
2014-03-22 18:00:00,37.43
2014-03-22 19:00:00,55.48
2014-03-22 20:00:00,47.24
2014-03-22 21:00:00,40.5
2014-03-22 22:00:00,34.09
2014-03-22 23:00:00,32.28
2014-03-23 00:00:00,31.76
2014-03-23 01:00:00,31.220000000000006
2014-03-23 02:00:00,33.2
2014-03-23 03:00:00,32.92
2014-03-23 04:00:00,33.33
2014-03-23 05:00:00,35.65
2014-03-23 06:00:00,38.83
2014-03-23 07:00:00,41.73
2014-03-23 08:00:00,45.79
2014-03-23 09:00:00,46.95
2014-03-23 10:00:00,46.48
2014-03-23 11:00:00,43.55
2014-03-23 12:00:00,40.88
2014-03-23 13:00:00,39.32
2014-03-23 14:00:00,35.43
2014-03-23 15:00:00,33.65
2014-03-23 16:00:00,35.24
2014-03-23 17:00:00,37.050000000000004
2014-03-23 18:00:00,43.96
2014-03-23 19:00:00,75.39
2014-03-23 20:00:00,57.27
2014-03-23 21:00:00,45.0
2014-03-23 22:00:00,37.25
2014-03-23 23:00:00,34.83
2014-03-24 00:00:00,32.75
2014-03-24 01:00:00,30.35
2014-03-24 02:00:00,30.22
2014-03-24 03:00:00,29.83
2014-03-24 04:00:00,35.52
2014-03-24 05:00:00,44.73
2014-03-24 06:00:00,79.33
2014-03-24 07:00:00,77.12
2014-03-24 08:00:00,63.35
2014-03-24 09:00:00,56.64
2014-03-24 10:00:00,53.23
2014-03-24 11:00:00,49.45
2014-03-24 12:00:00,45.69
2014-03-24 13:00:00,43.96
2014-03-24 14:00:00,39.89
2014-03-24 15:00:00,35.84
2014-03-24 16:00:00,34.67
2014-03-24 17:00:00,35.4
2014-03-24 18:00:00,37.27
2014-03-24 19:00:00,55.95
2014-03-24 20:00:00,47.13
2014-03-24 21:00:00,37.84
2014-03-24 22:00:00,32.72
2014-03-24 23:00:00,27.12
2014-03-25 00:00:00,28.75
2014-03-25 01:00:00,28.6
2014-03-25 02:00:00,28.28
2014-03-25 03:00:00,27.51
2014-03-25 04:00:00,31.08
2014-03-25 05:00:00,40.52
2014-03-25 06:00:00,65.37
2014-03-25 07:00:00,63.96
2014-03-25 08:00:00,52.81
2014-03-25 09:00:00,49.33
2014-03-25 10:00:00,46.53
2014-03-25 11:00:00,43.69
2014-03-25 12:00:00,43.3
2014-03-25 13:00:00,41.51
2014-03-25 14:00:00,40.300000000000004
2014-03-25 15:00:00,38.63
2014-03-25 16:00:00,39.44
2014-03-25 17:00:00,41.69
2014-03-25 18:00:00,49.75
2014-03-25 19:00:00,80.76
2014-03-25 20:00:00,72.08
2014-03-25 21:00:00,53.86
2014-03-25 22:00:00,45.22
2014-03-25 23:00:00,37.58
2014-03-26 00:00:00,35.35
2014-03-26 01:00:00,32.75
2014-03-26 02:00:00,32.21
2014-03-26 03:00:00,31.75
2014-03-26 04:00:00,34.980000000000004
2014-03-26 05:00:00,43.02
2014-03-26 06:00:00,67.37
2014-03-26 07:00:00,63.32
2014-03-26 08:00:00,49.19
2014-03-26 09:00:00,44.91
2014-03-26 10:00:00,39.800000000000004
2014-03-26 11:00:00,37.160000000000004
2014-03-26 12:00:00,35.730000000000004
2014-03-26 13:00:00,34.1
2014-03-26 14:00:00,31.75
2014-03-26 15:00:00,30.41
2014-03-26 16:00:00,29.4
2014-03-26 17:00:00,30.73
2014-03-26 18:00:00,34.62
2014-03-26 19:00:00,49.31
2014-03-26 20:00:00,43.14
2014-03-26 21:00:00,33.980000000000004
2014-03-26 22:00:00,27.14
2014-03-26 23:00:00,25.44
2014-03-27 00:00:00,25.45
2014-03-27 01:00:00,24.98
2014-03-27 02:00:00,24.15
2014-03-27 03:00:00,24.45
2014-03-27 04:00:00,26.88
2014-03-27 05:00:00,35.58
2014-03-27 06:00:00,47.96
2014-03-27 07:00:00,46.4
2014-03-27 08:00:00,42.52
2014-03-27 09:00:00,40.97
2014-03-27 10:00:00,40.7
2014-03-27 11:00:00,38.59
2014-03-27 12:00:00,37.51
2014-03-27 13:00:00,35.56
2014-03-27 14:00:00,34.1
2014-03-27 15:00:00,32.5
2014-03-27 16:00:00,31.93
2014-03-27 17:00:00,32.19
2014-03-27 18:00:00,34.63
2014-03-27 19:00:00,44.25
2014-03-27 20:00:00,38.95
2014-03-27 21:00:00,33.35
2014-03-27 22:00:00,28.64
2014-03-27 23:00:00,25.64
2014-03-28 00:00:00,22.25
2014-03-28 01:00:00,22.32
2014-03-28 02:00:00,21.51
2014-03-28 03:00:00,21.98
2014-03-28 04:00:00,24.15
2014-03-28 05:00:00,31.65
2014-03-28 06:00:00,42.5
2014-03-28 07:00:00,43.54
2014-03-28 08:00:00,42.29
2014-03-28 09:00:00,43.48
2014-03-28 10:00:00,44.49
2014-03-28 11:00:00,43.01
2014-03-28 12:00:00,42.2
2014-03-28 13:00:00,40.08
2014-03-28 14:00:00,37.22
2014-03-28 15:00:00,36.22
2014-03-28 16:00:00,35.46
2014-03-28 17:00:00,34.97
2014-03-28 18:00:00,36.92
2014-03-28 19:00:00,45.29
2014-03-28 20:00:00,42.45
2014-03-28 21:00:00,37.62
2014-03-28 22:00:00,34.75
2014-03-28 23:00:00,31.81
2014-03-29 00:00:00,28.34
2014-03-29 01:00:00,26.88
2014-03-29 02:00:00,26.29
2014-03-29 03:00:00,26.06
2014-03-29 04:00:00,26.28
2014-03-29 05:00:00,27.67
2014-03-29 06:00:00,32.480000000000004
2014-03-29 07:00:00,36.6
2014-03-29 08:00:00,40.480000000000004
2014-03-29 09:00:00,43.93
2014-03-29 10:00:00,43.11
2014-03-29 11:00:00,38.08
2014-03-29 12:00:00,34.65
2014-03-29 13:00:00,33.14
2014-03-29 14:00:00,31.38
2014-03-29 15:00:00,30.63
2014-03-29 16:00:00,30.14
2014-03-29 17:00:00,30.7
2014-03-29 18:00:00,32.95
2014-03-29 19:00:00,39.62
2014-03-29 20:00:00,34.22
2014-03-29 21:00:00,29.1
2014-03-29 22:00:00,23.98
2014-03-29 23:00:00,21.0
2014-03-30 00:00:00,20.03
2014-03-30 01:00:00,18.830000000000002
2014-03-30 02:00:00,18.73
2014-03-30 03:00:00,18.73
2014-03-30 04:00:00,18.97
2014-03-30 05:00:00,20.21
2014-03-30 06:00:00,23.68
2014-03-30 07:00:00,29.01
2014-03-30 08:00:00,32.82
2014-03-30 09:00:00,34.300000000000004
2014-03-30 10:00:00,33.99
2014-03-30 11:00:00,30.74
2014-03-30 12:00:00,27.52
2014-03-30 13:00:00,26.54
2014-03-30 14:00:00,26.41
2014-03-30 15:00:00,25.92
2014-03-30 16:00:00,26.21
2014-03-30 17:00:00,27.42
2014-03-30 18:00:00,30.26
2014-03-30 19:00:00,41.6
2014-03-30 20:00:00,36.33
2014-03-30 21:00:00,28.13
2014-03-30 22:00:00,22.58
2014-03-30 23:00:00,20.44
2014-03-31 00:00:00,18.34
2014-03-31 01:00:00,17.48
2014-03-31 02:00:00,16.94
2014-03-31 03:00:00,17.17
2014-03-31 04:00:00,19.51
2014-03-31 05:00:00,29.43
2014-03-31 06:00:00,40.69
2014-03-31 07:00:00,38.36
2014-03-31 08:00:00,37.0
2014-03-31 09:00:00,36.43
2014-03-31 10:00:00,35.5
2014-03-31 11:00:00,34.21
2014-03-31 12:00:00,31.85
2014-03-31 13:00:00,30.1
2014-03-31 14:00:00,28.84
2014-03-31 15:00:00,28.06
2014-03-31 16:00:00,27.63
2014-03-31 17:00:00,27.7
2014-03-31 18:00:00,29.99
2014-03-31 19:00:00,39.910000000000004
2014-03-31 20:00:00,34.53
2014-03-31 21:00:00,26.89
2014-03-31 22:00:00,21.64
2014-03-31 23:00:00,19.03
2014-04-01 00:00:00,16.4
2014-04-01 01:00:00,13.76
2014-04-01 02:00:00,13.58
2014-04-01 03:00:00,14.26
2014-04-01 04:00:00,18.31
2014-04-01 05:00:00,28.96
2014-04-01 06:00:00,38.27
2014-04-01 07:00:00,35.76
2014-04-01 08:00:00,35.56
2014-04-01 09:00:00,35.79
2014-04-01 10:00:00,35.230000000000004
2014-04-01 11:00:00,35.38
2014-04-01 12:00:00,35.77
2014-04-01 13:00:00,36.06
2014-04-01 14:00:00,35.62
2014-04-01 15:00:00,34.92
2014-04-01 16:00:00,35.18
2014-04-01 17:00:00,35.910000000000004
2014-04-01 18:00:00,38.910000000000004
2014-04-01 19:00:00,54.29
2014-04-01 20:00:00,49.25
2014-04-01 21:00:00,37.84
2014-04-01 22:00:00,34.910000000000004
2014-04-01 23:00:00,31.470000000000006
2014-04-02 00:00:00,27.69
2014-04-02 01:00:00,26.57
2014-04-02 02:00:00,26.2
2014-04-02 03:00:00,25.96
2014-04-02 04:00:00,27.4
2014-04-02 05:00:00,37.12
2014-04-02 06:00:00,48.27
2014-04-02 07:00:00,46.83
2014-04-02 08:00:00,44.07
2014-04-02 09:00:00,43.92
2014-04-02 10:00:00,42.89
2014-04-02 11:00:00,40.67
2014-04-02 12:00:00,37.980000000000004
2014-04-02 13:00:00,37.1
2014-04-02 14:00:00,34.39
2014-04-02 15:00:00,33.49
2014-04-02 16:00:00,32.94
2014-04-02 17:00:00,32.33
2014-04-02 18:00:00,35.46
2014-04-02 19:00:00,46.33
2014-04-02 20:00:00,41.55
2014-04-02 21:00:00,31.62
2014-04-02 22:00:00,29.76
2014-04-02 23:00:00,25.68
2014-04-03 00:00:00,24.65
2014-04-03 01:00:00,22.23
2014-04-03 02:00:00,21.16
2014-04-03 03:00:00,20.82
2014-04-03 04:00:00,23.24
2014-04-03 05:00:00,32.4
2014-04-03 06:00:00,40.38
2014-04-03 07:00:00,39.78
2014-04-03 08:00:00,39.64
2014-04-03 09:00:00,39.62
2014-04-03 10:00:00,39.230000000000004
2014-04-03 11:00:00,38.730000000000004
2014-04-03 12:00:00,38.42
2014-04-03 13:00:00,37.93
2014-04-03 14:00:00,36.36
2014-04-03 15:00:00,36.36
2014-04-03 16:00:00,35.67
2014-04-03 17:00:00,34.72
2014-04-03 18:00:00,36.76
2014-04-03 19:00:00,46.56
2014-04-03 20:00:00,42.89
2014-04-03 21:00:00,31.84
2014-04-03 22:00:00,28.5
2014-04-03 23:00:00,24.37
2014-04-04 00:00:00,23.67
2014-04-04 01:00:00,21.49
2014-04-04 02:00:00,20.48
2014-04-04 03:00:00,19.96
2014-04-04 04:00:00,21.88
2014-04-04 05:00:00,29.76
2014-04-04 06:00:00,38.72
2014-04-04 07:00:00,39.17
2014-04-04 08:00:00,38.81
2014-04-04 09:00:00,39.38
2014-04-04 10:00:00,40.01
2014-04-04 11:00:00,37.99
2014-04-04 12:00:00,36.68
2014-04-04 13:00:00,35.37
2014-04-04 14:00:00,33.76
2014-04-04 15:00:00,32.88
2014-04-04 16:00:00,32.86
2014-04-04 17:00:00,32.68
2014-04-04 18:00:00,37.29
2014-04-04 19:00:00,46.68
2014-04-04 20:00:00,44.62
2014-04-04 21:00:00,36.24
2014-04-04 22:00:00,33.92
2014-04-04 23:00:00,30.94
2014-04-05 00:00:00,32.14
2014-04-05 01:00:00,31.34
2014-04-05 02:00:00,29.96
2014-04-05 03:00:00,29.92
2014-04-05 04:00:00,29.99
2014-04-05 05:00:00,32.58
2014-04-05 06:00:00,38.410000000000004
2014-04-05 07:00:00,43.16
2014-04-05 08:00:00,47.21
2014-04-05 09:00:00,48.53
2014-04-05 10:00:00,47.14
2014-04-05 11:00:00,40.76
2014-04-05 12:00:00,37.02
2014-04-05 13:00:00,34.45
2014-04-05 14:00:00,32.15
2014-04-05 15:00:00,31.11
2014-04-05 16:00:00,31.69
2014-04-05 17:00:00,32.49
2014-04-05 18:00:00,35.19
2014-04-05 19:00:00,46.85
2014-04-05 20:00:00,41.34
2014-04-05 21:00:00,32.32
2014-04-05 22:00:00,27.64
2014-04-05 23:00:00,25.84
2014-04-06 00:00:00,24.0
2014-04-06 01:00:00,22.58
2014-04-06 02:00:00,23.04
2014-04-06 03:00:00,21.99
2014-04-06 04:00:00,23.02
2014-04-06 05:00:00,23.88
2014-04-06 06:00:00,27.09
2014-04-06 07:00:00,30.14
2014-04-06 08:00:00,33.45
2014-04-06 09:00:00,34.64
2014-04-06 10:00:00,34.910000000000004
2014-04-06 11:00:00,33.410000000000004
2014-04-06 12:00:00,32.21
2014-04-06 13:00:00,31.27
2014-04-06 14:00:00,31.18
2014-04-06 15:00:00,31.34
2014-04-06 16:00:00,31.83
2014-04-06 17:00:00,33.31
2014-04-06 18:00:00,36.7
2014-04-06 19:00:00,52.44
2014-04-06 20:00:00,47.45
2014-04-06 21:00:00,36.47
2014-04-06 22:00:00,29.66
2014-04-06 23:00:00,29.37
2014-04-07 00:00:00,27.54
2014-04-07 01:00:00,27.0
2014-04-07 02:00:00,26.54
2014-04-07 03:00:00,26.79
2014-04-07 04:00:00,28.14
2014-04-07 05:00:00,35.84
2014-04-07 06:00:00,44.08
2014-04-07 07:00:00,48.02
2014-04-07 08:00:00,48.66
2014-04-07 09:00:00,47.84
2014-04-07 10:00:00,47.24
2014-04-07 11:00:00,45.03
2014-04-07 12:00:00,41.27
2014-04-07 13:00:00,40.46
2014-04-07 14:00:00,37.65
2014-04-07 15:00:00,35.69
2014-04-07 16:00:00,33.78
2014-04-07 17:00:00,33.33
2014-04-07 18:00:00,35.11
2014-04-07 19:00:00,44.61
2014-04-07 20:00:00,40.95
2014-04-07 21:00:00,31.98
2014-04-07 22:00:00,27.3
2014-04-07 23:00:00,24.62
2014-04-08 00:00:00,24.52
2014-04-08 01:00:00,23.32
2014-04-08 02:00:00,22.8
2014-04-08 03:00:00,22.74
2014-04-08 04:00:00,24.92
2014-04-08 05:00:00,33.37
2014-04-08 06:00:00,41.3
2014-04-08 07:00:00,43.41
2014-04-08 08:00:00,44.71
2014-04-08 09:00:00,43.09
2014-04-08 10:00:00,41.79
2014-04-08 11:00:00,40.58
2014-04-08 12:00:00,38.77
2014-04-08 13:00:00,39.65
2014-04-08 14:00:00,37.78
2014-04-08 15:00:00,36.08
2014-04-08 16:00:00,35.71
2014-04-08 17:00:00,35.72
2014-04-08 18:00:00,39.480000000000004
2014-04-08 19:00:00,55.1
2014-04-08 20:00:00,51.54
2014-04-08 21:00:00,40.81
2014-04-08 22:00:00,34.97
2014-04-08 23:00:00,30.7
2014-04-09 00:00:00,25.91
2014-04-09 01:00:00,25.08
2014-04-09 02:00:00,24.28
2014-04-09 03:00:00,23.77
2014-04-09 04:00:00,24.52
2014-04-09 05:00:00,34.64
2014-04-09 06:00:00,43.59
2014-04-09 07:00:00,42.11
2014-04-09 08:00:00,41.14
2014-04-09 09:00:00,39.410000000000004
2014-04-09 10:00:00,37.64
2014-04-09 11:00:00,35.35
2014-04-09 12:00:00,33.28
2014-04-09 13:00:00,31.91
2014-04-09 14:00:00,30.07
2014-04-09 15:00:00,29.29
2014-04-09 16:00:00,28.45
2014-04-09 17:00:00,28.04
2014-04-09 18:00:00,30.31
2014-04-09 19:00:00,41.18
2014-04-09 20:00:00,38.27
2014-04-09 21:00:00,28.74
2014-04-09 22:00:00,24.3
2014-04-09 23:00:00,21.32
2014-04-10 00:00:00,19.400000000000002
2014-04-10 01:00:00,18.76
2014-04-10 02:00:00,18.94
2014-04-10 03:00:00,19.29
2014-04-10 04:00:00,20.82
2014-04-10 05:00:00,33.72
2014-04-10 06:00:00,40.39
2014-04-10 07:00:00,40.43
2014-04-10 08:00:00,40.21
2014-04-10 09:00:00,39.5
2014-04-10 10:00:00,39.11
2014-04-10 11:00:00,36.49
2014-04-10 12:00:00,35.410000000000004
2014-04-10 13:00:00,36.03
2014-04-10 14:00:00,34.51
2014-04-10 15:00:00,34.9
2014-04-10 16:00:00,36.47
2014-04-10 17:00:00,37.81
2014-04-10 18:00:00,40.99
2014-04-10 19:00:00,59.55
2014-04-10 20:00:00,52.15
2014-04-10 21:00:00,40.61
2014-04-10 22:00:00,35.01
2014-04-10 23:00:00,30.93
2014-04-11 00:00:00,27.39
2014-04-11 01:00:00,26.16
2014-04-11 02:00:00,25.22
2014-04-11 03:00:00,24.03
2014-04-11 04:00:00,25.98
2014-04-11 05:00:00,36.7
2014-04-11 06:00:00,42.92
2014-04-11 07:00:00,43.29
2014-04-11 08:00:00,45.77
2014-04-11 09:00:00,46.18
2014-04-11 10:00:00,46.03
2014-04-11 11:00:00,42.84
2014-04-11 12:00:00,40.39
2014-04-11 13:00:00,40.11
2014-04-11 14:00:00,36.87
2014-04-11 15:00:00,36.32
2014-04-11 16:00:00,35.26
2014-04-11 17:00:00,36.31
2014-04-11 18:00:00,38.160000000000004
2014-04-11 19:00:00,45.97
2014-04-11 20:00:00,43.91
2014-04-11 21:00:00,35.94
2014-04-11 22:00:00,30.66
2014-04-11 23:00:00,24.82
2014-04-12 00:00:00,19.400000000000002
2014-04-12 01:00:00,16.080000000000002
2014-04-12 02:00:00,15.95
2014-04-12 03:00:00,14.88
2014-04-12 04:00:00,15.05
2014-04-12 05:00:00,16.1
2014-04-12 06:00:00,19.67
2014-04-12 07:00:00,26.34
2014-04-12 08:00:00,30.49
2014-04-12 09:00:00,33.17
2014-04-12 10:00:00,33.92
2014-04-12 11:00:00,32.74
2014-04-12 12:00:00,31.25
2014-04-12 13:00:00,30.94
2014-04-12 14:00:00,30.05
2014-04-12 15:00:00,30.8
2014-04-12 16:00:00,31.78
2014-04-12 17:00:00,32.69
2014-04-12 18:00:00,32.88
2014-04-12 19:00:00,39.83
2014-04-12 20:00:00,37.52
2014-04-12 21:00:00,30.16
2014-04-12 22:00:00,27.64
2014-04-12 23:00:00,26.72
2014-04-13 00:00:00,21.39
2014-04-13 01:00:00,19.71
2014-04-13 02:00:00,19.18
2014-04-13 03:00:00,17.61
2014-04-13 04:00:00,17.84
2014-04-13 05:00:00,18.1
2014-04-13 06:00:00,20.27
2014-04-13 07:00:00,22.47
2014-04-13 08:00:00,24.49
2014-04-13 09:00:00,25.89
2014-04-13 10:00:00,26.88
2014-04-13 11:00:00,27.37
2014-04-13 12:00:00,27.34
2014-04-13 13:00:00,27.06
2014-04-13 14:00:00,26.93
2014-04-13 15:00:00,27.13
2014-04-13 16:00:00,27.77
2014-04-13 17:00:00,28.4
2014-04-13 18:00:00,30.15
2014-04-13 19:00:00,35.980000000000004
2014-04-13 20:00:00,35.26
2014-04-13 21:00:00,27.18
2014-04-13 22:00:00,22.4
2014-04-13 23:00:00,20.07
2014-04-14 00:00:00,19.39
2014-04-14 01:00:00,17.61
2014-04-14 02:00:00,17.21
2014-04-14 03:00:00,18.02
2014-04-14 04:00:00,21.04
2014-04-14 05:00:00,30.54
2014-04-14 06:00:00,34.38
2014-04-14 07:00:00,36.86
2014-04-14 08:00:00,39.34
2014-04-14 09:00:00,39.69
2014-04-14 10:00:00,40.74
2014-04-14 11:00:00,40.01
2014-04-14 12:00:00,38.88
2014-04-14 13:00:00,38.08
2014-04-14 14:00:00,36.64
2014-04-14 15:00:00,35.550000000000004
2014-04-14 16:00:00,36.32
2014-04-14 17:00:00,38.44
2014-04-14 18:00:00,41.65
2014-04-14 19:00:00,54.78
2014-04-14 20:00:00,49.69
2014-04-14 21:00:00,42.18
2014-04-14 22:00:00,36.65
2014-04-14 23:00:00,33.11
2014-04-15 00:00:00,32.12
2014-04-15 01:00:00,30.65
2014-04-15 02:00:00,30.49
2014-04-15 03:00:00,30.72
2014-04-15 04:00:00,33.160000000000004
2014-04-15 05:00:00,48.41
2014-04-15 06:00:00,65.35
2014-04-15 07:00:00,60.12
2014-04-15 08:00:00,55.65
2014-04-15 09:00:00,51.96
2014-04-15 10:00:00,50.39
2014-04-15 11:00:00,46.45
2014-04-15 12:00:00,43.27
2014-04-15 13:00:00,39.57
2014-04-15 14:00:00,37.74
2014-04-15 15:00:00,35.660000000000004
2014-04-15 16:00:00,35.28
2014-04-15 17:00:00,35.43
2014-04-15 18:00:00,37.17
2014-04-15 19:00:00,48.53
2014-04-15 20:00:00,42.72
2014-04-15 21:00:00,34.64
2014-04-15 22:00:00,29.63
2014-04-15 23:00:00,23.5
2014-04-16 00:00:00,25.87
2014-04-16 01:00:00,24.29
2014-04-16 02:00:00,23.59
2014-04-16 03:00:00,23.71
2014-04-16 04:00:00,25.88
2014-04-16 05:00:00,40.24
2014-04-16 06:00:00,62.12
2014-04-16 07:00:00,54.81
2014-04-16 08:00:00,50.62
2014-04-16 09:00:00,45.96
2014-04-16 10:00:00,43.68
2014-04-16 11:00:00,39.93
2014-04-16 12:00:00,35.86
2014-04-16 13:00:00,34.35
2014-04-16 14:00:00,33.95
2014-04-16 15:00:00,30.66
2014-04-16 16:00:00,30.39
2014-04-16 17:00:00,30.98
2014-04-16 18:00:00,33.07
2014-04-16 19:00:00,43.6
2014-04-16 20:00:00,44.92
2014-04-16 21:00:00,35.2
2014-04-16 22:00:00,29.33
2014-04-16 23:00:00,27.09
2014-04-17 00:00:00,22.95
2014-04-17 01:00:00,22.19
2014-04-17 02:00:00,22.97
2014-04-17 03:00:00,24.43
2014-04-17 04:00:00,26.51
2014-04-17 05:00:00,36.7
2014-04-17 06:00:00,45.51
2014-04-17 07:00:00,46.93
2014-04-17 08:00:00,45.99
2014-04-17 09:00:00,45.62
2014-04-17 10:00:00,46.42
2014-04-17 11:00:00,44.8
2014-04-17 12:00:00,43.52
2014-04-17 13:00:00,43.57
2014-04-17 14:00:00,42.65
2014-04-17 15:00:00,42.27
2014-04-17 16:00:00,40.78
2014-04-17 17:00:00,40.08
2014-04-17 18:00:00,41.4
2014-04-17 19:00:00,54.05
2014-04-17 20:00:00,51.33
2014-04-17 21:00:00,40.92
2014-04-17 22:00:00,36.0
2014-04-17 23:00:00,31.77
2014-04-18 00:00:00,28.1
2014-04-18 01:00:00,26.61
2014-04-18 02:00:00,26.29
2014-04-18 03:00:00,25.95
2014-04-18 04:00:00,26.93
2014-04-18 05:00:00,32.92
2014-04-18 06:00:00,39.160000000000004
2014-04-18 07:00:00,43.23
2014-04-18 08:00:00,43.24
2014-04-18 09:00:00,43.0
2014-04-18 10:00:00,41.04
2014-04-18 11:00:00,36.76
2014-04-18 12:00:00,36.31
2014-04-18 13:00:00,34.03
2014-04-18 14:00:00,32.33
2014-04-18 15:00:00,32.19
2014-04-18 16:00:00,31.42
2014-04-18 17:00:00,30.22
2014-04-18 18:00:00,30.970000000000006
2014-04-18 19:00:00,36.7
2014-04-18 20:00:00,35.75
2014-04-18 21:00:00,29.29
2014-04-18 22:00:00,25.97
2014-04-18 23:00:00,22.87
2014-04-19 00:00:00,21.58
2014-04-19 01:00:00,18.47
2014-04-19 02:00:00,16.77
2014-04-19 03:00:00,16.7
2014-04-19 04:00:00,16.490000000000002
2014-04-19 05:00:00,18.64
2014-04-19 06:00:00,22.31
2014-04-19 07:00:00,24.96
2014-04-19 08:00:00,28.52
2014-04-19 09:00:00,30.13
2014-04-19 10:00:00,29.64
2014-04-19 11:00:00,28.8
2014-04-19 12:00:00,28.09
2014-04-19 13:00:00,26.75
2014-04-19 14:00:00,27.07
2014-04-19 15:00:00,27.41
2014-04-19 16:00:00,28.53
2014-04-19 17:00:00,29.17
2014-04-19 18:00:00,30.14
2014-04-19 19:00:00,38.01
2014-04-19 20:00:00,37.19
2014-04-19 21:00:00,31.36
2014-04-19 22:00:00,28.19
2014-04-19 23:00:00,26.45
2014-04-20 00:00:00,22.61
2014-04-20 01:00:00,22.03
2014-04-20 02:00:00,20.86
2014-04-20 03:00:00,21.03
2014-04-20 04:00:00,21.41
2014-04-20 05:00:00,22.73
2014-04-20 06:00:00,24.39
2014-04-20 07:00:00,28.31
2014-04-20 08:00:00,30.68
2014-04-20 09:00:00,31.21
2014-04-20 10:00:00,31.33
2014-04-20 11:00:00,31.51
2014-04-20 12:00:00,31.19
2014-04-20 13:00:00,30.48
2014-04-20 14:00:00,30.04
2014-04-20 15:00:00,29.81
2014-04-20 16:00:00,30.17
2014-04-20 17:00:00,30.94
2014-04-20 18:00:00,32.14
2014-04-20 19:00:00,38.84
2014-04-20 20:00:00,42.51
2014-04-20 21:00:00,34.12
2014-04-20 22:00:00,29.1
2014-04-20 23:00:00,27.7
2014-04-21 00:00:00,25.45
2014-04-21 01:00:00,24.16
2014-04-21 02:00:00,23.19
2014-04-21 03:00:00,23.06
2014-04-21 04:00:00,24.74
2014-04-21 05:00:00,31.75
2014-04-21 06:00:00,40.33
2014-04-21 07:00:00,41.96
2014-04-21 08:00:00,43.99
2014-04-21 09:00:00,45.5
2014-04-21 10:00:00,45.09
2014-04-21 11:00:00,43.99
2014-04-21 12:00:00,41.29
2014-04-21 13:00:00,40.5
2014-04-21 14:00:00,37.53
2014-04-21 15:00:00,37.4
2014-04-21 16:00:00,37.46
2014-04-21 17:00:00,36.88
2014-04-21 18:00:00,36.79
2014-04-21 19:00:00,44.13
2014-04-21 20:00:00,44.56
2014-04-21 21:00:00,36.03
2014-04-21 22:00:00,31.34
2014-04-21 23:00:00,26.62
2014-04-22 00:00:00,25.1
2014-04-22 01:00:00,23.87
2014-04-22 02:00:00,23.6
2014-04-22 03:00:00,24.36
2014-04-22 04:00:00,26.71
2014-04-22 05:00:00,35.21
2014-04-22 06:00:00,41.8
2014-04-22 07:00:00,47.66
2014-04-22 08:00:00,48.47
2014-04-22 09:00:00,48.63
2014-04-22 10:00:00,49.01
2014-04-22 11:00:00,48.91
2014-04-22 12:00:00,48.4
2014-04-22 13:00:00,49.11
2014-04-22 14:00:00,46.61
2014-04-22 15:00:00,46.58
2014-04-22 16:00:00,45.78
2014-04-22 17:00:00,43.78
2014-04-22 18:00:00,42.14
2014-04-22 19:00:00,48.52
2014-04-22 20:00:00,47.88
2014-04-22 21:00:00,37.2
2014-04-22 22:00:00,31.43
2014-04-22 23:00:00,26.74
2014-04-23 00:00:00,24.31
2014-04-23 01:00:00,22.48
2014-04-23 02:00:00,20.98
2014-04-23 03:00:00,20.54
2014-04-23 04:00:00,23.33
2014-04-23 05:00:00,32.92
2014-04-23 06:00:00,39.84
2014-04-23 07:00:00,41.13
2014-04-23 08:00:00,40.13
2014-04-23 09:00:00,41.43
2014-04-23 10:00:00,41.36
2014-04-23 11:00:00,40.18
2014-04-23 12:00:00,38.84
2014-04-23 13:00:00,38.17
2014-04-23 14:00:00,37.07
2014-04-23 15:00:00,36.71
2014-04-23 16:00:00,37.13
2014-04-23 17:00:00,36.62
2014-04-23 18:00:00,35.21
2014-04-23 19:00:00,41.12
2014-04-23 20:00:00,39.800000000000004
2014-04-23 21:00:00,33.69
2014-04-23 22:00:00,27.74
2014-04-23 23:00:00,24.56
2014-04-24 00:00:00,20.93
2014-04-24 01:00:00,19.89
2014-04-24 02:00:00,19.75
2014-04-24 03:00:00,20.66
2014-04-24 04:00:00,23.21
2014-04-24 05:00:00,31.56
2014-04-24 06:00:00,38.26
2014-04-24 07:00:00,39.47
2014-04-24 08:00:00,41.62
2014-04-24 09:00:00,44.28
2014-04-24 10:00:00,43.02
2014-04-24 11:00:00,42.38
2014-04-24 12:00:00,41.18
2014-04-24 13:00:00,40.13
2014-04-24 14:00:00,38.82
2014-04-24 15:00:00,38.36
2014-04-24 16:00:00,39.33
2014-04-24 17:00:00,37.52
2014-04-24 18:00:00,36.03
2014-04-24 19:00:00,44.0
2014-04-24 20:00:00,44.55
2014-04-24 21:00:00,37.2
2014-04-24 22:00:00,31.6
2014-04-24 23:00:00,28.18
2014-04-25 00:00:00,27.91
2014-04-25 01:00:00,26.78
2014-04-25 02:00:00,25.72
2014-04-25 03:00:00,25.78
2014-04-25 04:00:00,26.97
2014-04-25 05:00:00,36.11
2014-04-25 06:00:00,41.27
2014-04-25 07:00:00,44.18
2014-04-25 08:00:00,48.78
2014-04-25 09:00:00,52.01
2014-04-25 10:00:00,52.56
2014-04-25 11:00:00,50.69
2014-04-25 12:00:00,49.12
2014-04-25 13:00:00,48.29
2014-04-25 14:00:00,49.82
2014-04-25 15:00:00,53.9
2014-04-25 16:00:00,56.02
2014-04-25 17:00:00,50.49
2014-04-25 18:00:00,41.88
2014-04-25 19:00:00,47.16
2014-04-25 20:00:00,47.81
2014-04-25 21:00:00,39.550000000000004
2014-04-25 22:00:00,32.01
2014-04-25 23:00:00,27.88
2014-04-26 00:00:00,27.16
2014-04-26 01:00:00,25.13
2014-04-26 02:00:00,23.9
2014-04-26 03:00:00,23.63
2014-04-26 04:00:00,23.68
2014-04-26 05:00:00,24.28
2014-04-26 06:00:00,27.98
2014-04-26 07:00:00,31.27
2014-04-26 08:00:00,35.58
2014-04-26 09:00:00,38.0
2014-04-26 10:00:00,37.230000000000004
2014-04-26 11:00:00,35.81
2014-04-26 12:00:00,34.6
2014-04-26 13:00:00,33.69
2014-04-26 14:00:00,33.86
2014-04-26 15:00:00,35.57
2014-04-26 16:00:00,38.27
2014-04-26 17:00:00,38.480000000000004
2014-04-26 18:00:00,34.59
2014-04-26 19:00:00,39.64
2014-04-26 20:00:00,39.31
2014-04-26 21:00:00,29.73
2014-04-26 22:00:00,23.56
2014-04-26 23:00:00,21.37
2014-04-27 00:00:00,20.07
2014-04-27 01:00:00,18.73
2014-04-27 02:00:00,17.75
2014-04-27 03:00:00,17.59
2014-04-27 04:00:00,18.42
2014-04-27 05:00:00,19.1
2014-04-27 06:00:00,20.5
2014-04-27 07:00:00,24.25
2014-04-27 08:00:00,27.59
2014-04-27 09:00:00,30.1
2014-04-27 10:00:00,31.25
2014-04-27 11:00:00,30.89
2014-04-27 12:00:00,31.94
2014-04-27 13:00:00,30.78
2014-04-27 14:00:00,31.42
2014-04-27 15:00:00,32.31
2014-04-27 16:00:00,35.37
2014-04-27 17:00:00,36.77
2014-04-27 18:00:00,34.95
2014-04-27 19:00:00,42.66
2014-04-27 20:00:00,44.29
2014-04-27 21:00:00,31.220000000000006
2014-04-27 22:00:00,24.17
2014-04-27 23:00:00,20.78
2014-04-28 00:00:00,20.21
2014-04-28 01:00:00,19.1
2014-04-28 02:00:00,18.88
2014-04-28 03:00:00,18.79
2014-04-28 04:00:00,20.28
2014-04-28 05:00:00,28.45
2014-04-28 06:00:00,35.26
2014-04-28 07:00:00,37.52
2014-04-28 08:00:00,39.34
2014-04-28 09:00:00,41.07
2014-04-28 10:00:00,43.22
2014-04-28 11:00:00,44.21
2014-04-28 12:00:00,45.33
2014-04-28 13:00:00,46.86
2014-04-28 14:00:00,47.41
2014-04-28 15:00:00,49.15
2014-04-28 16:00:00,51.45
2014-04-28 17:00:00,47.57
2014-04-28 18:00:00,46.3
2014-04-28 19:00:00,54.18
2014-04-28 20:00:00,53.61
2014-04-28 21:00:00,38.62
2014-04-28 22:00:00,30.36
2014-04-28 23:00:00,26.48
2014-04-29 00:00:00,25.73
2014-04-29 01:00:00,23.97
2014-04-29 02:00:00,23.31
2014-04-29 03:00:00,23.24
2014-04-29 04:00:00,25.04
2014-04-29 05:00:00,34.2
2014-04-29 06:00:00,43.17
2014-04-29 07:00:00,46.12
2014-04-29 08:00:00,46.72
2014-04-29 09:00:00,47.62
2014-04-29 10:00:00,47.45
2014-04-29 11:00:00,48.73
2014-04-29 12:00:00,48.74
2014-04-29 13:00:00,53.35
2014-04-29 14:00:00,53.94
2014-04-29 15:00:00,54.67
2014-04-29 16:00:00,56.56
2014-04-29 17:00:00,52.27
2014-04-29 18:00:00,50.11
2014-04-29 19:00:00,58.05
2014-04-29 20:00:00,56.74
2014-04-29 21:00:00,39.6
2014-04-29 22:00:00,31.46
2014-04-29 23:00:00,27.49
2014-04-30 00:00:00,26.35
2014-04-30 01:00:00,24.2
2014-04-30 02:00:00,23.86
2014-04-30 03:00:00,24.16
2014-04-30 04:00:00,26.75
2014-04-30 05:00:00,37.730000000000004
2014-04-30 06:00:00,44.06
2014-04-30 07:00:00,46.92
2014-04-30 08:00:00,48.07
2014-04-30 09:00:00,46.79
2014-04-30 10:00:00,47.44
2014-04-30 11:00:00,46.7
2014-04-30 12:00:00,45.16
2014-04-30 13:00:00,44.95
2014-04-30 14:00:00,42.84
2014-04-30 15:00:00,42.62
2014-04-30 16:00:00,42.91
2014-04-30 17:00:00,42.69
2014-04-30 18:00:00,42.34
2014-04-30 19:00:00,53.6
2014-04-30 20:00:00,56.07
2014-04-30 21:00:00,39.9
2014-04-30 22:00:00,32.64
2014-04-30 23:00:00,29.16
