TIMESTAMP,RT_LMP
2013-12-31 00:00:00,32.89
2013-12-31 01:00:00,30.05
2013-12-31 02:00:00,28.24
2013-12-31 03:00:00,29.3
2013-12-31 04:00:00,28.82
2013-12-31 05:00:00,31.79
2013-12-31 06:00:00,47.97
2013-12-31 07:00:00,58.16
2013-12-31 08:00:00,55.36
2013-12-31 09:00:00,45.61
2013-12-31 10:00:00,52.88
2013-12-31 11:00:00,33.99
2013-12-31 12:00:00,31.62
2013-12-31 13:00:00,30.55
2013-12-31 14:00:00,28.98
2013-12-31 15:00:00,26.53
2013-12-31 16:00:00,33.74
2013-12-31 17:00:00,41.61
2013-12-31 18:00:00,67.52
2013-12-31 19:00:00,34.62
2013-12-31 20:00:00,28.1
2013-12-31 21:00:00,27.95
2013-12-31 22:00:00,27.54
2013-12-31 23:00:00,27.94
2014-01-01 00:00:00,26.09
2014-01-01 01:00:00,26.37
2014-01-01 02:00:00,25.05
2014-01-01 03:00:00,24.13
2014-01-01 04:00:00,23.43
2014-01-01 05:00:00,23.05
2014-01-01 06:00:00,24.74
2014-01-01 07:00:00,25.0
2014-01-01 08:00:00,23.93
2014-01-01 09:00:00,25.32
2014-01-01 10:00:00,28.04
2014-01-01 11:00:00,26.83
2014-01-01 12:00:00,24.98
2014-01-01 13:00:00,25.0
2014-01-01 14:00:00,24.47
2014-01-01 15:00:00,23.64
2014-01-01 16:00:00,23.57
2014-01-01 17:00:00,28.89
2014-01-01 18:00:00,41.84
2014-01-01 19:00:00,39.17
2014-01-01 20:00:00,29.97
2014-01-01 21:00:00,29.98
2014-01-01 22:00:00,28.8
2014-01-01 23:00:00,27.26
2014-01-02 00:00:00,32.65
2014-01-02 01:00:00,25.5
2014-01-02 02:00:00,24.69
2014-01-02 03:00:00,25.11
2014-01-02 04:00:00,25.58
2014-01-02 05:00:00,26.5
2014-01-02 06:00:00,29.17
2014-01-02 07:00:00,34.46
2014-01-02 08:00:00,53.59
2014-01-02 09:00:00,43.66
2014-01-02 10:00:00,51.6
2014-01-02 11:00:00,48.99
2014-01-02 12:00:00,37.550000000000004
2014-01-02 13:00:00,34.32
2014-01-02 14:00:00,31.49
2014-01-02 15:00:00,30.77
2014-01-02 16:00:00,29.74
2014-01-02 17:00:00,32.96
2014-01-02 18:00:00,110.07
2014-01-02 19:00:00,85.52
2014-01-02 20:00:00,40.64
2014-01-02 21:00:00,37.58
2014-01-02 22:00:00,36.550000000000004
2014-01-02 23:00:00,33.980000000000004
2014-01-03 00:00:00,33.47
2014-01-03 01:00:00,29.44
2014-01-03 02:00:00,26.88
2014-01-03 03:00:00,28.01
2014-01-03 04:00:00,28.27
2014-01-03 05:00:00,28.44
2014-01-03 06:00:00,30.970000000000006
2014-01-03 07:00:00,48.03
2014-01-03 08:00:00,53.24
2014-01-03 09:00:00,49.14
2014-01-03 10:00:00,39.04
2014-01-03 11:00:00,36.07
2014-01-03 12:00:00,31.29
2014-01-03 13:00:00,32.33
2014-01-03 14:00:00,27.14
2014-01-03 15:00:00,26.25
2014-01-03 16:00:00,27.08
2014-01-03 17:00:00,51.47
2014-01-03 18:00:00,64.44
2014-01-03 19:00:00,47.31
2014-01-03 20:00:00,64.73
2014-01-03 21:00:00,34.980000000000004
2014-01-03 22:00:00,31.8
2014-01-03 23:00:00,30.69
2014-01-04 00:00:00,29.75
2014-01-04 01:00:00,30.66
2014-01-04 02:00:00,33.62
2014-01-04 03:00:00,24.22
2014-01-04 04:00:00,43.8
2014-01-04 05:00:00,67.39
2014-01-04 06:00:00,26.75
2014-01-04 07:00:00,27.63
2014-01-04 08:00:00,29.72
2014-01-04 09:00:00,27.15
2014-01-04 10:00:00,27.59
2014-01-04 11:00:00,26.72
2014-01-04 12:00:00,26.54
2014-01-04 13:00:00,24.88
2014-01-04 14:00:00,23.26
2014-01-04 15:00:00,23.09
2014-01-04 16:00:00,23.37
2014-01-04 17:00:00,30.54
2014-01-04 18:00:00,32.18
2014-01-04 19:00:00,29.8
2014-01-04 20:00:00,25.98
2014-01-04 21:00:00,25.03
2014-01-04 22:00:00,24.26
2014-01-04 23:00:00,23.38
2014-01-05 00:00:00,19.8
2014-01-05 01:00:00,19.75
2014-01-05 02:00:00,20.46
2014-01-05 03:00:00,21.27
2014-01-05 04:00:00,20.26
2014-01-05 05:00:00,21.12
2014-01-05 06:00:00,21.46
2014-01-05 07:00:00,21.02
2014-01-05 08:00:00,22.7
2014-01-05 09:00:00,23.82
2014-01-05 10:00:00,23.19
2014-01-05 11:00:00,24.35
2014-01-05 12:00:00,25.19
2014-01-05 13:00:00,24.71
2014-01-05 14:00:00,22.26
2014-01-05 15:00:00,22.41
2014-01-05 16:00:00,23.58
2014-01-05 17:00:00,25.89
2014-01-05 18:00:00,26.49
2014-01-05 19:00:00,26.88
2014-01-05 20:00:00,35.33
2014-01-05 21:00:00,27.55
2014-01-05 22:00:00,27.95
2014-01-05 23:00:00,30.54
2014-01-06 00:00:00,31.66
2014-01-06 01:00:00,28.09
2014-01-06 02:00:00,27.38
2014-01-06 03:00:00,28.86
2014-01-06 04:00:00,26.77
2014-01-06 05:00:00,30.87
2014-01-06 06:00:00,58.7
2014-01-06 07:00:00,150.82
2014-01-06 08:00:00,103.24
2014-01-06 09:00:00,257.52
2014-01-06 10:00:00,87.61
2014-01-06 11:00:00,176.76
2014-01-06 12:00:00,93.38
2014-01-06 13:00:00,61.74
2014-01-06 14:00:00,43.98
2014-01-06 15:00:00,50.83
2014-01-06 16:00:00,75.57000000000001
2014-01-06 17:00:00,168.48
2014-01-06 18:00:00,244.68
2014-01-06 19:00:00,259.95
2014-01-06 20:00:00,148.22
2014-01-06 21:00:00,196.77
2014-01-06 22:00:00,136.74
2014-01-06 23:00:00,200.26
2014-01-07 00:00:00,297.40000000000003
2014-01-07 01:00:00,158.26
2014-01-07 02:00:00,142.06
2014-01-07 03:00:00,127.09
2014-01-07 04:00:00,108.36
2014-01-07 05:00:00,138.49
2014-01-07 06:00:00,138.3
2014-01-07 07:00:00,1750.83
2014-01-07 08:00:00,364.96
2014-01-07 09:00:00,81.86
2014-01-07 10:00:00,88.37
2014-01-07 11:00:00,80.97
2014-01-07 12:00:00,119.09
2014-01-07 13:00:00,100.98
2014-01-07 14:00:00,57.52
2014-01-07 15:00:00,60.81
2014-01-07 16:00:00,119.43
2014-01-07 17:00:00,186.11
2014-01-07 18:00:00,580.63
2014-01-07 19:00:00,79.16
2014-01-07 20:00:00,133.84
2014-01-07 21:00:00,56.06
2014-01-07 22:00:00,47.43
2014-01-07 23:00:00,46.65
2014-01-08 00:00:00,71.09
2014-01-08 01:00:00,42.28
2014-01-08 02:00:00,39.89
2014-01-08 03:00:00,43.62
2014-01-08 04:00:00,45.88
2014-01-08 05:00:00,40.93
2014-01-08 06:00:00,47.22
2014-01-08 07:00:00,251.59
2014-01-08 08:00:00,71.98
2014-01-08 09:00:00,114.05
2014-01-08 10:00:00,83.94
2014-01-08 11:00:00,68.69
2014-01-08 12:00:00,59.04
2014-01-08 13:00:00,46.35
2014-01-08 14:00:00,43.96
2014-01-08 15:00:00,35.58
2014-01-08 16:00:00,34.75
2014-01-08 17:00:00,110.77
2014-01-08 18:00:00,88.04
2014-01-08 19:00:00,50.86
2014-01-08 20:00:00,45.26
2014-01-08 21:00:00,37.87
2014-01-08 22:00:00,31.15
2014-01-08 23:00:00,27.31
2014-01-09 00:00:00,28.13
2014-01-09 01:00:00,26.83
2014-01-09 02:00:00,26.47
2014-01-09 03:00:00,26.04
2014-01-09 04:00:00,26.12
2014-01-09 05:00:00,26.91
2014-01-09 06:00:00,30.43
2014-01-09 07:00:00,38.5
2014-01-09 08:00:00,40.22
2014-01-09 09:00:00,32.75
2014-01-09 10:00:00,34.660000000000004
2014-01-09 11:00:00,33.47
2014-01-09 12:00:00,32.64
2014-01-09 13:00:00,31.59
2014-01-09 14:00:00,34.09
2014-01-09 15:00:00,27.66
2014-01-09 16:00:00,28.28
2014-01-09 17:00:00,31.12
2014-01-09 18:00:00,37.11
2014-01-09 19:00:00,35.27
2014-01-09 20:00:00,29.13
2014-01-09 21:00:00,28.03
2014-01-09 22:00:00,25.86
2014-01-09 23:00:00,24.33
2014-01-10 00:00:00,25.37
2014-01-10 01:00:00,25.58
2014-01-10 02:00:00,26.45
2014-01-10 03:00:00,25.4
2014-01-10 04:00:00,26.16
2014-01-10 05:00:00,26.94
2014-01-10 06:00:00,32.27
2014-01-10 07:00:00,49.64
2014-01-10 08:00:00,41.39
2014-01-10 09:00:00,41.17
2014-01-10 10:00:00,50.42
2014-01-10 11:00:00,46.61
2014-01-10 12:00:00,57.12
2014-01-10 13:00:00,35.82
2014-01-10 14:00:00,36.2
2014-01-10 15:00:00,33.74
2014-01-10 16:00:00,33.58
2014-01-10 17:00:00,36.4
2014-01-10 18:00:00,43.7
2014-01-10 19:00:00,34.53
2014-01-10 20:00:00,28.53
2014-01-10 21:00:00,28.09
2014-01-10 22:00:00,26.84
2014-01-10 23:00:00,24.46
2014-01-11 00:00:00,27.3
2014-01-11 01:00:00,27.53
2014-01-11 02:00:00,25.93
2014-01-11 03:00:00,24.55
2014-01-11 04:00:00,24.44
2014-01-11 05:00:00,24.99
2014-01-11 06:00:00,27.27
2014-01-11 07:00:00,26.78
2014-01-11 08:00:00,26.3
2014-01-11 09:00:00,27.65
2014-01-11 10:00:00,30.63
2014-01-11 11:00:00,29.54
2014-01-11 12:00:00,29.68
2014-01-11 13:00:00,29.23
2014-01-11 14:00:00,30.84
2014-01-11 15:00:00,29.34
2014-01-11 16:00:00,27.62
2014-01-11 17:00:00,29.66
2014-01-11 18:00:00,29.8
2014-01-11 19:00:00,32.230000000000004
2014-01-11 20:00:00,30.61
2014-01-11 21:00:00,27.05
2014-01-11 22:00:00,25.84
2014-01-11 23:00:00,24.13
2014-01-12 00:00:00,23.64
2014-01-12 01:00:00,29.89
2014-01-12 02:00:00,23.5
2014-01-12 03:00:00,21.61
2014-01-12 04:00:00,20.22
2014-01-12 05:00:00,21.92
2014-01-12 06:00:00,27.17
2014-01-12 07:00:00,34.26
2014-01-12 08:00:00,63.2
2014-01-12 09:00:00,60.28
2014-01-12 10:00:00,23.32
2014-01-12 11:00:00,22.67
2014-01-12 12:00:00,22.68
2014-01-12 13:00:00,23.1
2014-01-12 14:00:00,23.2
2014-01-12 15:00:00,23.02
2014-01-12 16:00:00,23.34
2014-01-12 17:00:00,26.08
2014-01-12 18:00:00,28.06
2014-01-12 19:00:00,29.18
2014-01-12 20:00:00,26.22
2014-01-12 21:00:00,23.9
2014-01-12 22:00:00,21.95
2014-01-12 23:00:00,20.75
2014-01-13 00:00:00,20.080000000000002
2014-01-13 01:00:00,19.580000000000002
2014-01-13 02:00:00,19.34
2014-01-13 03:00:00,18.91
2014-01-13 04:00:00,19.09
2014-01-13 05:00:00,22.45
2014-01-13 06:00:00,26.25
2014-01-13 07:00:00,26.13
2014-01-13 08:00:00,24.9
2014-01-13 09:00:00,25.47
2014-01-13 10:00:00,32.78
2014-01-13 11:00:00,27.94
2014-01-13 12:00:00,25.91
2014-01-13 13:00:00,25.62
2014-01-13 14:00:00,24.99
2014-01-13 15:00:00,24.88
2014-01-13 16:00:00,25.53
2014-01-13 17:00:00,26.84
2014-01-13 18:00:00,32.4
2014-01-13 19:00:00,26.55
2014-01-13 20:00:00,25.22
2014-01-13 21:00:00,25.71
2014-01-13 22:00:00,23.48
2014-01-13 23:00:00,22.12
2014-01-14 00:00:00,20.91
2014-01-14 01:00:00,21.86
2014-01-14 02:00:00,20.7
2014-01-14 03:00:00,20.54
2014-01-14 04:00:00,20.3
2014-01-14 05:00:00,25.61
2014-01-14 06:00:00,58.95
2014-01-14 07:00:00,248.73
2014-01-14 08:00:00,70.28
2014-01-14 09:00:00,33.34
2014-01-14 10:00:00,24.72
2014-01-14 11:00:00,26.17
2014-01-14 12:00:00,26.54
2014-01-14 13:00:00,24.9
2014-01-14 14:00:00,30.56
2014-01-14 15:00:00,23.62
2014-01-14 16:00:00,24.09
2014-01-14 17:00:00,26.42
2014-01-14 18:00:00,36.83
2014-01-14 19:00:00,29.92
2014-01-14 20:00:00,27.94
2014-01-14 21:00:00,28.11
2014-01-14 22:00:00,25.85
2014-01-14 23:00:00,25.31
2014-01-15 00:00:00,31.26
2014-01-15 01:00:00,39.6
2014-01-15 02:00:00,28.71
2014-01-15 03:00:00,27.17
2014-01-15 04:00:00,25.19
2014-01-15 05:00:00,25.35
2014-01-15 06:00:00,26.22
2014-01-15 07:00:00,108.54
2014-01-15 08:00:00,42.2
2014-01-15 09:00:00,49.59
2014-01-15 10:00:00,41.8
2014-01-15 11:00:00,32.03
2014-01-15 12:00:00,29.25
2014-01-15 13:00:00,27.93
2014-01-15 14:00:00,27.22
2014-01-15 15:00:00,25.63
2014-01-15 16:00:00,24.99
2014-01-15 17:00:00,27.5
2014-01-15 18:00:00,35.29
2014-01-15 19:00:00,29.33
2014-01-15 20:00:00,27.9
2014-01-15 21:00:00,34.480000000000004
2014-01-15 22:00:00,27.06
2014-01-15 23:00:00,25.98
2014-01-16 00:00:00,30.83
2014-01-16 01:00:00,23.79
2014-01-16 02:00:00,27.49
2014-01-16 03:00:00,19.830000000000002
2014-01-16 04:00:00,16.8
2014-01-16 05:00:00,17.0
2014-01-16 06:00:00,34.910000000000004
2014-01-16 07:00:00,35.24
2014-01-16 08:00:00,40.76
2014-01-16 09:00:00,27.62
2014-01-16 10:00:00,28.54
2014-01-16 11:00:00,31.21
2014-01-16 12:00:00,28.15
2014-01-16 13:00:00,26.05
2014-01-16 14:00:00,28.23
2014-01-16 15:00:00,25.63
2014-01-16 16:00:00,25.55
2014-01-16 17:00:00,30.34
2014-01-16 18:00:00,32.59
2014-01-16 19:00:00,36.56
2014-01-16 20:00:00,27.41
2014-01-16 21:00:00,28.3
2014-01-16 22:00:00,26.15
2014-01-16 23:00:00,23.9
2014-01-17 00:00:00,23.5
2014-01-17 01:00:00,21.5
2014-01-17 02:00:00,22.12
2014-01-17 03:00:00,23.6
2014-01-17 04:00:00,27.0
2014-01-17 05:00:00,24.7
2014-01-17 06:00:00,29.04
2014-01-17 07:00:00,30.14
2014-01-17 08:00:00,30.79
2014-01-17 09:00:00,36.49
2014-01-17 10:00:00,34.25
2014-01-17 11:00:00,33.82
2014-01-17 12:00:00,36.38
2014-01-17 13:00:00,32.69
2014-01-17 14:00:00,29.93
2014-01-17 15:00:00,29.16
2014-01-17 16:00:00,28.22
2014-01-17 17:00:00,30.07
2014-01-17 18:00:00,40.050000000000004
2014-01-17 19:00:00,35.83
2014-01-17 20:00:00,33.77
2014-01-17 21:00:00,31.8
2014-01-17 22:00:00,28.21
2014-01-17 23:00:00,26.25
2014-01-18 00:00:00,27.28
2014-01-18 01:00:00,25.92
2014-01-18 02:00:00,30.76
2014-01-18 03:00:00,27.2
2014-01-18 04:00:00,25.32
2014-01-18 05:00:00,25.83
2014-01-18 06:00:00,28.09
2014-01-18 07:00:00,59.52
2014-01-18 08:00:00,48.68
2014-01-18 09:00:00,40.13
2014-01-18 10:00:00,42.36
2014-01-18 11:00:00,36.53
2014-01-18 12:00:00,32.84
2014-01-18 13:00:00,28.61
2014-01-18 14:00:00,26.98
2014-01-18 15:00:00,25.62
2014-01-18 16:00:00,25.62
2014-01-18 17:00:00,28.19
2014-01-18 18:00:00,35.28
2014-01-18 19:00:00,33.47
2014-01-18 20:00:00,34.78
2014-01-18 21:00:00,30.970000000000006
2014-01-18 22:00:00,27.13
2014-01-18 23:00:00,25.76
2014-01-19 00:00:00,23.19
2014-01-19 01:00:00,22.57
2014-01-19 02:00:00,23.68
2014-01-19 03:00:00,22.75
2014-01-19 04:00:00,21.52
2014-01-19 05:00:00,21.32
2014-01-19 06:00:00,20.79
2014-01-19 07:00:00,22.77
2014-01-19 08:00:00,23.11
2014-01-19 09:00:00,23.78
2014-01-19 10:00:00,24.16
2014-01-19 11:00:00,22.91
2014-01-19 12:00:00,23.22
2014-01-19 13:00:00,22.8
2014-01-19 14:00:00,21.42
2014-01-19 15:00:00,20.05
2014-01-19 16:00:00,20.26
2014-01-19 17:00:00,28.62
2014-01-19 18:00:00,35.75
2014-01-19 19:00:00,46.05
2014-01-19 20:00:00,41.4
2014-01-19 21:00:00,23.27
2014-01-19 22:00:00,24.55
2014-01-19 23:00:00,40.54
2014-01-20 00:00:00,21.99
2014-01-20 01:00:00,21.72
2014-01-20 02:00:00,22.32
2014-01-20 03:00:00,22.47
2014-01-20 04:00:00,22.04
2014-01-20 05:00:00,29.03
2014-01-20 06:00:00,24.68
2014-01-20 07:00:00,27.59
2014-01-20 08:00:00,26.96
2014-01-20 09:00:00,27.54
2014-01-20 10:00:00,28.01
2014-01-20 11:00:00,28.75
2014-01-20 12:00:00,29.75
2014-01-20 13:00:00,27.8
2014-01-20 14:00:00,25.57
2014-01-20 15:00:00,24.51
2014-01-20 16:00:00,32.52
2014-01-20 17:00:00,39.39
2014-01-20 18:00:00,28.48
2014-01-20 19:00:00,32.28
2014-01-20 20:00:00,29.95
2014-01-20 21:00:00,28.58
2014-01-20 22:00:00,25.67
2014-01-20 23:00:00,23.69
2014-01-21 00:00:00,24.22
2014-01-21 01:00:00,26.6
2014-01-21 02:00:00,27.34
2014-01-21 03:00:00,28.24
2014-01-21 04:00:00,25.85
2014-01-21 05:00:00,25.01
2014-01-21 06:00:00,50.49
2014-01-21 07:00:00,39.76
2014-01-21 08:00:00,38.31
2014-01-21 09:00:00,39.25
2014-01-21 10:00:00,40.39
2014-01-21 11:00:00,32.160000000000004
2014-01-21 12:00:00,29.17
2014-01-21 13:00:00,29.58
2014-01-21 14:00:00,28.72
2014-01-21 15:00:00,27.01
2014-01-21 16:00:00,19.78
2014-01-21 17:00:00,29.93
2014-01-21 18:00:00,55.95
2014-01-21 19:00:00,51.36
2014-01-21 20:00:00,71.01
2014-01-21 21:00:00,52.12
2014-01-21 22:00:00,37.730000000000004
2014-01-21 23:00:00,27.28
2014-01-22 00:00:00,50.44
2014-01-22 01:00:00,28.18
2014-01-22 02:00:00,31.41
2014-01-22 03:00:00,27.42
2014-01-22 04:00:00,26.91
2014-01-22 05:00:00,40.33
2014-01-22 06:00:00,53.65
2014-01-22 07:00:00,76.29
2014-01-22 08:00:00,46.67
2014-01-22 09:00:00,35.12
2014-01-22 10:00:00,38.58
2014-01-22 11:00:00,68.77
2014-01-22 12:00:00,71.41
2014-01-22 13:00:00,38.230000000000004
2014-01-22 14:00:00,34.1
2014-01-22 15:00:00,31.67
2014-01-22 16:00:00,32.54
2014-01-22 17:00:00,30.4
2014-01-22 18:00:00,53.82
2014-01-22 19:00:00,66.07000000000001
2014-01-22 20:00:00,40.87
2014-01-22 21:00:00,52.44
2014-01-22 22:00:00,31.52
2014-01-22 23:00:00,27.25
2014-01-23 00:00:00,25.43
2014-01-23 01:00:00,27.32
2014-01-23 02:00:00,26.88
2014-01-23 03:00:00,26.07
2014-01-23 04:00:00,28.86
2014-01-23 05:00:00,27.67
2014-01-23 06:00:00,31.970000000000006
2014-01-23 07:00:00,56.07
2014-01-23 08:00:00,22.25
2014-01-23 09:00:00,60.02
2014-01-23 10:00:00,63.24
2014-01-23 11:00:00,70.88
2014-01-23 12:00:00,39.550000000000004
2014-01-23 13:00:00,39.660000000000004
2014-01-23 14:00:00,33.78
2014-01-23 15:00:00,31.89
2014-01-23 16:00:00,35.7
2014-01-23 17:00:00,47.23
2014-01-23 18:00:00,543.24
2014-01-23 19:00:00,63.17
2014-01-23 20:00:00,57.49
2014-01-23 21:00:00,56.06
2014-01-23 22:00:00,36.34
2014-01-23 23:00:00,33.25
2014-01-24 00:00:00,36.550000000000004
2014-01-24 01:00:00,51.63
2014-01-24 02:00:00,49.5
2014-01-24 03:00:00,44.34
2014-01-24 04:00:00,39.77
2014-01-24 05:00:00,54.03
2014-01-24 06:00:00,45.63
2014-01-24 07:00:00,65.6
2014-01-24 08:00:00,70.36
2014-01-24 09:00:00,55.14
2014-01-24 10:00:00,97.93
2014-01-24 11:00:00,64.17
2014-01-24 12:00:00,49.13
2014-01-24 13:00:00,57.06
2014-01-24 14:00:00,76.99
2014-01-24 15:00:00,51.94
2014-01-24 16:00:00,76.49
2014-01-24 17:00:00,44.41
2014-01-24 18:00:00,50.84
2014-01-24 19:00:00,58.3
2014-01-24 20:00:00,49.87
2014-01-24 21:00:00,46.86
2014-01-24 22:00:00,44.46
2014-01-24 23:00:00,41.66
2014-01-25 00:00:00,48.41
2014-01-25 01:00:00,26.92
2014-01-25 02:00:00,29.93
2014-01-25 03:00:00,33.64
2014-01-25 04:00:00,33.09
2014-01-25 05:00:00,30.16
2014-01-25 06:00:00,34.5
2014-01-25 07:00:00,91.71
2014-01-25 08:00:00,29.65
2014-01-25 09:00:00,65.63
2014-01-25 10:00:00,37.35
2014-01-25 11:00:00,34.83
2014-01-25 12:00:00,28.3
2014-01-25 13:00:00,25.81
2014-01-25 14:00:00,23.61
2014-01-25 15:00:00,25.54
2014-01-25 16:00:00,29.76
2014-01-25 17:00:00,48.87
2014-01-25 18:00:00,113.14
2014-01-25 19:00:00,39.17
2014-01-25 20:00:00,41.45
2014-01-25 21:00:00,60.31
2014-01-25 22:00:00,56.98
2014-01-25 23:00:00,51.4
2014-01-26 00:00:00,31.720000000000006
2014-01-26 01:00:00,31.23
2014-01-26 02:00:00,23.24
2014-01-26 03:00:00,24.14
2014-01-26 04:00:00,19.56
2014-01-26 05:00:00,21.44
2014-01-26 06:00:00,24.17
2014-01-26 07:00:00,22.32
2014-01-26 08:00:00,22.32
2014-01-26 09:00:00,35.33
2014-01-26 10:00:00,31.92
2014-01-26 11:00:00,25.55
2014-01-26 12:00:00,21.84
2014-01-26 13:00:00,21.57
2014-01-26 14:00:00,18.76
2014-01-26 15:00:00,17.7
2014-01-26 16:00:00,19.79
2014-01-26 17:00:00,27.19
2014-01-26 18:00:00,37.69
2014-01-26 19:00:00,36.29
2014-01-26 20:00:00,30.59
2014-01-26 21:00:00,23.85
2014-01-26 22:00:00,23.47
2014-01-26 23:00:00,22.36
2014-01-27 00:00:00,21.52
2014-01-27 01:00:00,20.8
2014-01-27 02:00:00,20.41
2014-01-27 03:00:00,20.52
2014-01-27 04:00:00,25.69
2014-01-27 05:00:00,24.57
2014-01-27 06:00:00,28.81
2014-01-27 07:00:00,39.660000000000004
2014-01-27 08:00:00,44.65
2014-01-27 09:00:00,37.12
2014-01-27 10:00:00,47.48
2014-01-27 11:00:00,39.51
2014-01-27 12:00:00,40.57
2014-01-27 13:00:00,40.96
2014-01-27 14:00:00,32.34
2014-01-27 15:00:00,33.96
2014-01-27 16:00:00,34.21
2014-01-27 17:00:00,53.78
2014-01-27 18:00:00,287.37
2014-01-27 19:00:00,122.14
2014-01-27 20:00:00,70.23
2014-01-27 21:00:00,48.96
2014-01-27 22:00:00,45.83
2014-01-27 23:00:00,43.98
2014-01-28 00:00:00,40.410000000000004
2014-01-28 01:00:00,38.56
2014-01-28 02:00:00,32.47
2014-01-28 03:00:00,30.32
2014-01-28 04:00:00,29.19
2014-01-28 05:00:00,35.65
2014-01-28 06:00:00,58.88
2014-01-28 07:00:00,66.92
2014-01-28 08:00:00,98.95
2014-01-28 09:00:00,66.3
2014-01-28 10:00:00,122.98
2014-01-28 11:00:00,96.13
2014-01-28 12:00:00,46.53
2014-01-28 13:00:00,55.08
2014-01-28 14:00:00,44.19
2014-01-28 15:00:00,38.71
2014-01-28 16:00:00,39.04
2014-01-28 17:00:00,49.66
2014-01-28 18:00:00,102.01
2014-01-28 19:00:00,104.62
2014-01-28 20:00:00,72.91
2014-01-28 21:00:00,81.31
2014-01-28 22:00:00,49.72
2014-01-28 23:00:00,36.01
2014-01-29 00:00:00,38.050000000000004
2014-01-29 01:00:00,35.95
2014-01-29 02:00:00,32.0
2014-01-29 03:00:00,28.04
2014-01-29 04:00:00,31.15
2014-01-29 05:00:00,33.64
2014-01-29 06:00:00,41.56
2014-01-29 07:00:00,76.59
2014-01-29 08:00:00,59.58
2014-01-29 09:00:00,50.55
2014-01-29 10:00:00,59.66
2014-01-29 11:00:00,49.42
2014-01-29 12:00:00,34.88
2014-01-29 13:00:00,31.31
2014-01-29 14:00:00,31.96
2014-01-29 15:00:00,28.69
2014-01-29 16:00:00,26.37
2014-01-29 17:00:00,33.5
2014-01-29 18:00:00,48.08
2014-01-29 19:00:00,51.67
2014-01-29 20:00:00,43.18
2014-01-29 21:00:00,40.660000000000004
2014-01-29 22:00:00,29.93
2014-01-29 23:00:00,34.07
2014-01-30 00:00:00,37.730000000000004
2014-01-30 01:00:00,30.62
2014-01-30 02:00:00,30.16
2014-01-30 03:00:00,30.81
2014-01-30 04:00:00,29.53
2014-01-30 05:00:00,30.94
2014-01-30 06:00:00,49.29
2014-01-30 07:00:00,126.62
2014-01-30 08:00:00,54.82
2014-01-30 09:00:00,50.56
2014-01-30 10:00:00,47.18
2014-01-30 11:00:00,38.77
2014-01-30 12:00:00,33.480000000000004
2014-01-30 13:00:00,31.41
2014-01-30 14:00:00,33.68
2014-01-30 15:00:00,28.43
2014-01-30 16:00:00,28.7
2014-01-30 17:00:00,34.2
2014-01-30 18:00:00,44.41
2014-01-30 19:00:00,91.52
2014-01-30 20:00:00,61.07
2014-01-30 21:00:00,47.4
2014-01-30 22:00:00,34.02
2014-01-30 23:00:00,30.71
2014-01-31 00:00:00,34.25
2014-01-31 01:00:00,30.3
2014-01-31 02:00:00,29.21
2014-01-31 03:00:00,29.68
2014-01-31 04:00:00,29.22
2014-01-31 05:00:00,29.29
2014-01-31 06:00:00,39.72
2014-01-31 07:00:00,191.44
2014-01-31 08:00:00,76.72
2014-01-31 09:00:00,49.95
2014-01-31 10:00:00,48.37
2014-01-31 11:00:00,63.57
2014-01-31 12:00:00,45.56
2014-01-31 13:00:00,37.78
2014-01-31 14:00:00,37.96
2014-01-31 15:00:00,33.29
2014-01-31 16:00:00,31.6
2014-01-31 17:00:00,36.62
2014-01-31 18:00:00,75.29
2014-01-31 19:00:00,47.07
2014-01-31 20:00:00,40.46
2014-01-31 21:00:00,42.95
2014-01-31 22:00:00,36.03
2014-01-31 23:00:00,38.33
2014-02-01 00:00:00,39.39
2014-02-01 01:00:00,33.82
2014-02-01 02:00:00,32.07
2014-02-01 03:00:00,29.19
2014-02-01 04:00:00,29.33
2014-02-01 05:00:00,30.27
2014-02-01 06:00:00,32.31
2014-02-01 07:00:00,38.97
2014-02-01 08:00:00,37.27
2014-02-01 09:00:00,42.26
2014-02-01 10:00:00,41.82
2014-02-01 11:00:00,44.79
2014-02-01 12:00:00,41.86
2014-02-01 13:00:00,35.01
2014-02-01 14:00:00,32.980000000000004
2014-02-01 15:00:00,29.81
2014-02-01 16:00:00,30.43
2014-02-01 17:00:00,48.33
2014-02-01 18:00:00,50.38
2014-02-01 19:00:00,43.34
2014-02-01 20:00:00,51.26
2014-02-01 21:00:00,34.01
2014-02-01 22:00:00,32.3
2014-02-01 23:00:00,36.17
2014-02-02 00:00:00,34.15
2014-02-02 01:00:00,29.44
2014-02-02 02:00:00,38.47
2014-02-02 03:00:00,32.980000000000004
2014-02-02 04:00:00,34.47
2014-02-02 05:00:00,27.57
2014-02-02 06:00:00,31.38
2014-02-02 07:00:00,43.17
2014-02-02 08:00:00,40.13
2014-02-02 09:00:00,63.73
2014-02-02 10:00:00,73.75
2014-02-02 11:00:00,54.5
2014-02-02 12:00:00,46.89
2014-02-02 13:00:00,47.58
2014-02-02 14:00:00,41.59
2014-02-02 15:00:00,40.08
2014-02-02 16:00:00,83.6
2014-02-02 17:00:00,49.99
2014-02-02 18:00:00,44.3
2014-02-02 19:00:00,53.48
2014-02-02 20:00:00,47.21
2014-02-02 21:00:00,45.54
2014-02-02 22:00:00,46.66
2014-02-02 23:00:00,36.62
2014-02-03 00:00:00,31.05
2014-02-03 01:00:00,30.73
2014-02-03 02:00:00,32.27
2014-02-03 03:00:00,30.01
2014-02-03 04:00:00,30.25
2014-02-03 05:00:00,31.57
2014-02-03 06:00:00,45.59
2014-02-03 07:00:00,92.61
2014-02-03 08:00:00,58.77
2014-02-03 09:00:00,54.85
2014-02-03 10:00:00,57.53
2014-02-03 11:00:00,54.27
2014-02-03 12:00:00,45.43
2014-02-03 13:00:00,45.93
2014-02-03 14:00:00,36.82
2014-02-03 15:00:00,34.84
2014-02-03 16:00:00,36.12
2014-02-03 17:00:00,40.08
2014-02-03 18:00:00,76.75
2014-02-03 19:00:00,329.85
2014-02-03 20:00:00,68.74
2014-02-03 21:00:00,63.85
2014-02-03 22:00:00,54.01
2014-02-03 23:00:00,41.32
2014-02-04 00:00:00,48.52
2014-02-04 01:00:00,47.38
2014-02-04 02:00:00,43.54
2014-02-04 03:00:00,39.42
2014-02-04 04:00:00,35.86
2014-02-04 05:00:00,44.81
2014-02-04 06:00:00,52.97
2014-02-04 07:00:00,84.35
2014-02-04 08:00:00,69.21000000000001
2014-02-04 09:00:00,64.39
2014-02-04 10:00:00,50.36
2014-02-04 11:00:00,49.44
2014-02-04 12:00:00,48.07
2014-02-04 13:00:00,47.97
2014-02-04 14:00:00,49.24
2014-02-04 15:00:00,41.1
2014-02-04 16:00:00,40.77
2014-02-04 17:00:00,35.480000000000004
2014-02-04 18:00:00,64.8
2014-02-04 19:00:00,73.0
2014-02-04 20:00:00,59.22
2014-02-04 21:00:00,45.44
2014-02-04 22:00:00,73.53
2014-02-04 23:00:00,34.01
2014-02-05 00:00:00,27.82
2014-02-05 01:00:00,29.76
2014-02-05 02:00:00,28.39
2014-02-05 03:00:00,28.31
2014-02-05 04:00:00,31.17
2014-02-05 05:00:00,28.66
2014-02-05 06:00:00,59.76
2014-02-05 07:00:00,55.79
2014-02-05 08:00:00,46.61
2014-02-05 09:00:00,37.34
2014-02-05 10:00:00,49.85
2014-02-05 11:00:00,43.13
2014-02-05 12:00:00,37.730000000000004
2014-02-05 13:00:00,46.64
2014-02-05 14:00:00,42.36
2014-02-05 15:00:00,38.21
2014-02-05 16:00:00,39.26
2014-02-05 17:00:00,46.16
2014-02-05 18:00:00,115.91
2014-02-05 19:00:00,85.56
2014-02-05 20:00:00,71.78
2014-02-05 21:00:00,69.88
2014-02-05 22:00:00,45.25
2014-02-05 23:00:00,52.14
2014-02-06 00:00:00,44.82
2014-02-06 01:00:00,49.0
2014-02-06 02:00:00,47.3
2014-02-06 03:00:00,40.33
2014-02-06 04:00:00,41.95
2014-02-06 05:00:00,48.98
2014-02-06 06:00:00,100.53
2014-02-06 07:00:00,162.85
2014-02-06 08:00:00,91.01
2014-02-06 09:00:00,178.29
2014-02-06 10:00:00,136.18
2014-02-06 11:00:00,93.18
2014-02-06 12:00:00,79.67
2014-02-06 13:00:00,71.58
2014-02-06 14:00:00,64.63
2014-02-06 15:00:00,58.66
2014-02-06 16:00:00,64.44
2014-02-06 17:00:00,66.55
2014-02-06 18:00:00,126.38000000000002
2014-02-06 19:00:00,138.79
2014-02-06 20:00:00,104.8
2014-02-06 21:00:00,82.96
2014-02-06 22:00:00,76.18
2014-02-06 23:00:00,61.99
2014-02-07 00:00:00,57.54
2014-02-07 01:00:00,53.98
2014-02-07 02:00:00,50.58
2014-02-07 03:00:00,55.25
2014-02-07 04:00:00,53.74
2014-02-07 05:00:00,59.95
2014-02-07 06:00:00,73.63
2014-02-07 07:00:00,148.09
2014-02-07 08:00:00,90.57
2014-02-07 09:00:00,86.66
2014-02-07 10:00:00,97.83
2014-02-07 11:00:00,81.09
2014-02-07 12:00:00,60.42
2014-02-07 13:00:00,63.17
2014-02-07 14:00:00,56.09
2014-02-07 15:00:00,43.13
2014-02-07 16:00:00,45.48
2014-02-07 17:00:00,66.52
2014-02-07 18:00:00,185.25
2014-02-07 19:00:00,96.24
2014-02-07 20:00:00,69.60000000000001
2014-02-07 21:00:00,59.02
2014-02-07 22:00:00,45.43
2014-02-07 23:00:00,73.24
2014-02-08 00:00:00,71.64
2014-02-08 01:00:00,126.75
2014-02-08 02:00:00,96.49
2014-02-08 03:00:00,82.37
2014-02-08 04:00:00,61.86
2014-02-08 05:00:00,108.14
2014-02-08 06:00:00,82.25
2014-02-08 07:00:00,109.11
2014-02-08 08:00:00,94.94
2014-02-08 09:00:00,105.94
2014-02-08 10:00:00,123.44
2014-02-08 11:00:00,99.05
2014-02-08 12:00:00,91.06
2014-02-08 13:00:00,67.5
2014-02-08 14:00:00,40.01
2014-02-08 15:00:00,45.92
2014-02-08 16:00:00,48.08
2014-02-08 17:00:00,58.66
2014-02-08 18:00:00,117.95
2014-02-08 19:00:00,132.13
2014-02-08 20:00:00,66.26
2014-02-08 21:00:00,78.83
2014-02-08 22:00:00,44.27
2014-02-08 23:00:00,52.46
2014-02-09 00:00:00,63.82
2014-02-09 01:00:00,51.51
2014-02-09 02:00:00,28.62
2014-02-09 03:00:00,27.63
2014-02-09 04:00:00,29.07
2014-02-09 05:00:00,25.51
2014-02-09 06:00:00,26.83
2014-02-09 07:00:00,28.24
2014-02-09 08:00:00,30.39
2014-02-09 09:00:00,46.75
2014-02-09 10:00:00,44.02
2014-02-09 11:00:00,35.11
2014-02-09 12:00:00,52.32
2014-02-09 13:00:00,29.83
2014-02-09 14:00:00,27.74
2014-02-09 15:00:00,27.24
2014-02-09 16:00:00,29.78
2014-02-09 17:00:00,53.97
2014-02-09 18:00:00,117.19
2014-02-09 19:00:00,84.98
2014-02-09 20:00:00,63.39
2014-02-09 21:00:00,49.63
2014-02-09 22:00:00,46.09
2014-02-09 23:00:00,31.84
2014-02-10 00:00:00,31.7
2014-02-10 01:00:00,57.49
2014-02-10 02:00:00,38.04
2014-02-10 03:00:00,44.33
2014-02-10 04:00:00,40.34
2014-02-10 05:00:00,39.01
2014-02-10 06:00:00,72.49
2014-02-10 07:00:00,168.59
2014-02-10 08:00:00,153.34
2014-02-10 09:00:00,124.95
2014-02-10 10:00:00,105.15
2014-02-10 11:00:00,114.38
2014-02-10 12:00:00,82.09
2014-02-10 13:00:00,125.29
2014-02-10 14:00:00,77.96000000000001
2014-02-10 15:00:00,70.93
2014-02-10 16:00:00,54.72
2014-02-10 17:00:00,66.22
2014-02-10 18:00:00,91.27
2014-02-10 19:00:00,133.71
2014-02-10 20:00:00,121.84
2014-02-10 21:00:00,152.82
2014-02-10 22:00:00,372.79
2014-02-10 23:00:00,88.04
2014-02-11 00:00:00,127.14
2014-02-11 01:00:00,56.44
2014-02-11 02:00:00,61.36
2014-02-11 03:00:00,77.94
2014-02-11 04:00:00,106.71
2014-02-11 05:00:00,97.71
2014-02-11 06:00:00,121.46
2014-02-11 07:00:00,675.6
2014-02-11 08:00:00,86.95
2014-02-11 09:00:00,95.27
2014-02-11 10:00:00,89.91
2014-02-11 11:00:00,101.23
2014-02-11 12:00:00,74.53
2014-02-11 13:00:00,86.23
2014-02-11 14:00:00,42.25
2014-02-11 15:00:00,52.41
2014-02-11 16:00:00,76.95
2014-02-11 17:00:00,64.28
2014-02-11 18:00:00,474.99
2014-02-11 19:00:00,372.45
2014-02-11 20:00:00,87.96
2014-02-11 21:00:00,96.6
2014-02-11 22:00:00,48.56
2014-02-11 23:00:00,43.29
2014-02-12 00:00:00,53.42
2014-02-12 01:00:00,53.84
2014-02-12 02:00:00,67.9
2014-02-12 03:00:00,74.17
2014-02-12 04:00:00,65.55
2014-02-12 05:00:00,78.14
2014-02-12 06:00:00,83.87
2014-02-12 07:00:00,98.05
2014-02-12 08:00:00,89.99
2014-02-12 09:00:00,114.2
2014-02-12 10:00:00,90.71
2014-02-12 11:00:00,89.52
2014-02-12 12:00:00,112.27
2014-02-12 13:00:00,124.45
2014-02-12 14:00:00,60.18
2014-02-12 15:00:00,56.23
2014-02-12 16:00:00,52.48
2014-02-12 17:00:00,43.21
2014-02-12 18:00:00,56.47
2014-02-12 19:00:00,69.93
2014-02-12 20:00:00,63.34
2014-02-12 21:00:00,62.16
2014-02-12 22:00:00,37.37
2014-02-12 23:00:00,39.2
2014-02-13 00:00:00,30.76
2014-02-13 01:00:00,44.95
2014-02-13 02:00:00,36.92
2014-02-13 03:00:00,76.97
2014-02-13 04:00:00,125.5
2014-02-13 05:00:00,35.24
2014-02-13 06:00:00,59.43
2014-02-13 07:00:00,109.97
2014-02-13 08:00:00,55.91
2014-02-13 09:00:00,40.17
2014-02-13 10:00:00,47.25
2014-02-13 11:00:00,36.84
2014-02-13 12:00:00,39.34
2014-02-13 13:00:00,27.58
2014-02-13 14:00:00,25.94
2014-02-13 15:00:00,25.09
2014-02-13 16:00:00,27.47
2014-02-13 17:00:00,33.56
2014-02-13 18:00:00,38.85
2014-02-13 19:00:00,57.68
2014-02-13 20:00:00,53.34
2014-02-13 21:00:00,56.18
2014-02-13 22:00:00,46.15
2014-02-13 23:00:00,29.28
2014-02-14 00:00:00,28.44
2014-02-14 01:00:00,31.71
2014-02-14 02:00:00,26.83
2014-02-14 03:00:00,30.08
2014-02-14 04:00:00,30.11
2014-02-14 05:00:00,40.17
2014-02-14 06:00:00,51.67
2014-02-14 07:00:00,272.45
2014-02-14 08:00:00,52.07
2014-02-14 09:00:00,52.92
2014-02-14 10:00:00,53.78
2014-02-14 11:00:00,33.99
2014-02-14 12:00:00,39.160000000000004
2014-02-14 13:00:00,33.04
2014-02-14 14:00:00,30.87
2014-02-14 15:00:00,29.28
2014-02-14 16:00:00,28.58
2014-02-14 17:00:00,29.78
2014-02-14 18:00:00,49.92
2014-02-14 19:00:00,46.92
2014-02-14 20:00:00,41.23
2014-02-14 21:00:00,33.05
2014-02-14 22:00:00,33.64
2014-02-14 23:00:00,35.67
2014-02-15 00:00:00,27.58
2014-02-15 01:00:00,28.12
2014-02-15 02:00:00,30.05
2014-02-15 03:00:00,31.77
2014-02-15 04:00:00,31.38
2014-02-15 05:00:00,27.94
2014-02-15 06:00:00,32.18
2014-02-15 07:00:00,37.25
2014-02-15 08:00:00,46.52
2014-02-15 09:00:00,129.93
2014-02-15 10:00:00,95.13
2014-02-15 11:00:00,34.22
2014-02-15 12:00:00,39.160000000000004
2014-02-15 13:00:00,27.17
2014-02-15 14:00:00,35.06
2014-02-15 15:00:00,29.01
2014-02-15 16:00:00,27.39
2014-02-15 17:00:00,28.61
2014-02-15 18:00:00,61.75
2014-02-15 19:00:00,49.29
2014-02-15 20:00:00,45.88
2014-02-15 21:00:00,60.83
2014-02-15 22:00:00,54.21
2014-02-15 23:00:00,68.4
2014-02-16 00:00:00,30.54
2014-02-16 01:00:00,41.16
2014-02-16 02:00:00,47.25
2014-02-16 03:00:00,32.63
2014-02-16 04:00:00,51.49
2014-02-16 05:00:00,39.6
2014-02-16 06:00:00,51.45
2014-02-16 07:00:00,34.51
2014-02-16 08:00:00,59.67
2014-02-16 09:00:00,98.31
2014-02-16 10:00:00,50.85
2014-02-16 11:00:00,39.14
2014-02-16 12:00:00,27.72
2014-02-16 13:00:00,25.81
2014-02-16 14:00:00,25.27
2014-02-16 15:00:00,24.93
2014-02-16 16:00:00,29.59
2014-02-16 17:00:00,37.86
2014-02-16 18:00:00,79.08
2014-02-16 19:00:00,59.98
2014-02-16 20:00:00,38.42
2014-02-16 21:00:00,75.78
2014-02-16 22:00:00,33.63
2014-02-16 23:00:00,51.78
2014-02-17 00:00:00,47.33
2014-02-17 01:00:00,32.910000000000004
2014-02-17 02:00:00,27.53
2014-02-17 03:00:00,34.56
2014-02-17 04:00:00,31.05
2014-02-17 05:00:00,46.57
2014-02-17 06:00:00,61.52
2014-02-17 07:00:00,42.24
2014-02-17 08:00:00,47.86
2014-02-17 09:00:00,48.37
2014-02-17 10:00:00,63.97
2014-02-17 11:00:00,59.6
2014-02-17 12:00:00,58.98
2014-02-17 13:00:00,52.46
2014-02-17 14:00:00,60.41
2014-02-17 15:00:00,39.22
2014-02-17 16:00:00,38.36
2014-02-17 17:00:00,40.71
2014-02-17 18:00:00,41.39
2014-02-17 19:00:00,71.46000000000001
2014-02-17 20:00:00,59.45
2014-02-17 21:00:00,41.95
2014-02-17 22:00:00,58.36
2014-02-17 23:00:00,39.56
2014-02-18 00:00:00,25.76
2014-02-18 01:00:00,27.67
2014-02-18 02:00:00,30.2
2014-02-18 03:00:00,28.39
2014-02-18 04:00:00,23.79
2014-02-18 05:00:00,26.82
2014-02-18 06:00:00,38.78
2014-02-18 07:00:00,69.15
2014-02-18 08:00:00,63.03
2014-02-18 09:00:00,36.0
2014-02-18 10:00:00,58.89
2014-02-18 11:00:00,43.08
2014-02-18 12:00:00,44.93
2014-02-18 13:00:00,32.15
2014-02-18 14:00:00,32.19
2014-02-18 15:00:00,31.09
2014-02-18 16:00:00,27.54
2014-02-18 17:00:00,27.72
2014-02-18 18:00:00,40.83
2014-02-18 19:00:00,51.79
2014-02-18 20:00:00,31.93
2014-02-18 21:00:00,29.02
2014-02-18 22:00:00,21.51
2014-02-18 23:00:00,24.31
2014-02-19 00:00:00,23.21
2014-02-19 01:00:00,23.52
2014-02-19 02:00:00,22.87
2014-02-19 03:00:00,23.21
2014-02-19 04:00:00,24.92
2014-02-19 05:00:00,28.35
2014-02-19 06:00:00,38.68
2014-02-19 07:00:00,52.55
2014-02-19 08:00:00,39.18
2014-02-19 09:00:00,30.7
2014-02-19 10:00:00,38.21
2014-02-19 11:00:00,37.27
2014-02-19 12:00:00,29.83
2014-02-19 13:00:00,29.06
2014-02-19 14:00:00,26.55
2014-02-19 15:00:00,24.96
2014-02-19 16:00:00,24.15
2014-02-19 17:00:00,25.07
2014-02-19 18:00:00,37.26
2014-02-19 19:00:00,67.53
2014-02-19 20:00:00,29.42
2014-02-19 21:00:00,26.95
2014-02-19 22:00:00,20.94
2014-02-19 23:00:00,19.27
2014-02-20 00:00:00,17.240000000000002
2014-02-20 01:00:00,17.87
2014-02-20 02:00:00,22.35
2014-02-20 03:00:00,22.7
2014-02-20 04:00:00,24.93
2014-02-20 05:00:00,27.53
2014-02-20 06:00:00,33.85
2014-02-20 07:00:00,55.83
2014-02-20 08:00:00,44.16
2014-02-20 09:00:00,45.28
2014-02-20 10:00:00,41.04
2014-02-20 11:00:00,39.27
2014-02-20 12:00:00,31.12
2014-02-20 13:00:00,32.53
2014-02-20 14:00:00,32.77
2014-02-20 15:00:00,27.0
2014-02-20 16:00:00,24.96
2014-02-20 17:00:00,31.13
2014-02-20 18:00:00,61.04
2014-02-20 19:00:00,48.71
2014-02-20 20:00:00,30.56
2014-02-20 21:00:00,37.0
2014-02-20 22:00:00,22.76
2014-02-20 23:00:00,24.02
2014-02-21 00:00:00,18.23
2014-02-21 01:00:00,14.96
2014-02-21 02:00:00,16.36
2014-02-21 03:00:00,31.76
2014-02-21 04:00:00,16.18
2014-02-21 05:00:00,22.79
2014-02-21 06:00:00,29.84
2014-02-21 07:00:00,197.4
2014-02-21 08:00:00,35.31
2014-02-21 09:00:00,30.85
2014-02-21 10:00:00,35.1
2014-02-21 11:00:00,48.69
2014-02-21 12:00:00,35.93
2014-02-21 13:00:00,26.55
2014-02-21 14:00:00,24.47
2014-02-21 15:00:00,24.68
2014-02-21 16:00:00,25.38
2014-02-21 17:00:00,25.09
2014-02-21 18:00:00,37.81
2014-02-21 19:00:00,37.03
2014-02-21 20:00:00,37.37
2014-02-21 21:00:00,30.69
2014-02-21 22:00:00,29.66
2014-02-21 23:00:00,63.72
2014-02-22 00:00:00,26.7
2014-02-22 01:00:00,25.29
2014-02-22 02:00:00,26.33
2014-02-22 03:00:00,30.72
2014-02-22 04:00:00,27.14
2014-02-22 05:00:00,36.78
2014-02-22 06:00:00,27.57
2014-02-22 07:00:00,39.910000000000004
2014-02-22 08:00:00,36.46
2014-02-22 09:00:00,40.06
2014-02-22 10:00:00,65.34
2014-02-22 11:00:00,31.66
2014-02-22 12:00:00,33.49
2014-02-22 13:00:00,31.04
2014-02-22 14:00:00,27.16
2014-02-22 15:00:00,26.31
2014-02-22 16:00:00,26.61
2014-02-22 17:00:00,29.82
2014-02-22 18:00:00,40.88
2014-02-22 19:00:00,43.21
2014-02-22 20:00:00,39.19
2014-02-22 21:00:00,38.17
2014-02-22 22:00:00,26.25
2014-02-22 23:00:00,23.7
2014-02-23 00:00:00,27.6
2014-02-23 01:00:00,28.0
2014-02-23 02:00:00,34.14
2014-02-23 03:00:00,23.99
2014-02-23 04:00:00,29.96
2014-02-23 05:00:00,38.64
2014-02-23 06:00:00,30.21
2014-02-23 07:00:00,25.9
2014-02-23 08:00:00,26.3
2014-02-23 09:00:00,108.96
2014-02-23 10:00:00,50.31
2014-02-23 11:00:00,29.83
2014-02-23 12:00:00,27.45
2014-02-23 13:00:00,25.66
2014-02-23 14:00:00,26.32
2014-02-23 15:00:00,25.03
2014-02-23 16:00:00,24.63
2014-02-23 17:00:00,58.54
2014-02-23 18:00:00,41.46
2014-02-23 19:00:00,241.29
2014-02-23 20:00:00,78.91
2014-02-23 21:00:00,93.07
2014-02-23 22:00:00,49.74
2014-02-23 23:00:00,37.550000000000004
2014-02-24 00:00:00,22.42
2014-02-24 01:00:00,22.5
2014-02-24 02:00:00,23.55
2014-02-24 03:00:00,24.25
2014-02-24 04:00:00,35.53
2014-02-24 05:00:00,39.28
2014-02-24 06:00:00,83.12
2014-02-24 07:00:00,53.14
2014-02-24 08:00:00,64.23
2014-02-24 09:00:00,55.1
2014-02-24 10:00:00,55.33
2014-02-24 11:00:00,71.0
2014-02-24 12:00:00,34.63
2014-02-24 13:00:00,34.47
2014-02-24 14:00:00,29.03
2014-02-24 15:00:00,26.16
2014-02-24 16:00:00,32.49
2014-02-24 17:00:00,35.97
2014-02-24 18:00:00,45.83
2014-02-24 19:00:00,110.5
2014-02-24 20:00:00,44.43
2014-02-24 21:00:00,35.53
2014-02-24 22:00:00,28.59
2014-02-24 23:00:00,34.09
2014-02-25 00:00:00,34.62
2014-02-25 01:00:00,32.36
2014-02-25 02:00:00,36.87
2014-02-25 03:00:00,30.22
2014-02-25 04:00:00,28.28
2014-02-25 05:00:00,33.75
2014-02-25 06:00:00,61.38
2014-02-25 07:00:00,33.89
2014-02-25 08:00:00,30.19
2014-02-25 09:00:00,32.5
2014-02-25 10:00:00,47.21
2014-02-25 11:00:00,38.92
2014-02-25 12:00:00,45.1
2014-02-25 13:00:00,30.59
2014-02-25 14:00:00,26.04
2014-02-25 15:00:00,26.55
2014-02-25 16:00:00,28.19
2014-02-25 17:00:00,33.5
2014-02-25 18:00:00,45.14
2014-02-25 19:00:00,109.11
2014-02-25 20:00:00,56.92
2014-02-25 21:00:00,37.77
2014-02-25 22:00:00,28.41
2014-02-25 23:00:00,25.53
2014-02-26 00:00:00,25.64
2014-02-26 01:00:00,26.73
2014-02-26 02:00:00,26.24
2014-02-26 03:00:00,27.72
2014-02-26 04:00:00,29.26
2014-02-26 05:00:00,33.84
2014-02-26 06:00:00,62.89
2014-02-26 07:00:00,91.58
2014-02-26 08:00:00,89.61
2014-02-26 09:00:00,73.42
2014-02-26 10:00:00,60.02
2014-02-26 11:00:00,68.98
2014-02-26 12:00:00,33.45
2014-02-26 13:00:00,27.51
2014-02-26 14:00:00,33.480000000000004
2014-02-26 15:00:00,26.81
2014-02-26 16:00:00,27.01
2014-02-26 17:00:00,38.44
2014-02-26 18:00:00,44.85
2014-02-26 19:00:00,88.21
2014-02-26 20:00:00,87.37
2014-02-26 21:00:00,50.98
2014-02-26 22:00:00,33.24
2014-02-26 23:00:00,34.160000000000004
2014-02-27 00:00:00,27.13
2014-02-27 01:00:00,32.12
2014-02-27 02:00:00,28.64
2014-02-27 03:00:00,37.980000000000004
2014-02-27 04:00:00,32.54
2014-02-27 05:00:00,32.74
2014-02-27 06:00:00,42.56
2014-02-27 07:00:00,82.55
2014-02-27 08:00:00,62.89
2014-02-27 09:00:00,60.34
2014-02-27 10:00:00,62.65
2014-02-27 11:00:00,152.01
2014-02-27 12:00:00,91.53
2014-02-27 13:00:00,57.23
2014-02-27 14:00:00,32.51
2014-02-27 15:00:00,30.62
2014-02-27 16:00:00,39.22
2014-02-27 17:00:00,72.36
2014-02-27 18:00:00,116.86
2014-02-27 19:00:00,94.39
2014-02-27 20:00:00,125.81
2014-02-27 21:00:00,127.27
2014-02-27 22:00:00,43.7
2014-02-27 23:00:00,33.99
2014-02-28 00:00:00,46.6
2014-02-28 01:00:00,59.51
2014-02-28 02:00:00,42.32
2014-02-28 03:00:00,51.9
2014-02-28 04:00:00,89.0
2014-02-28 05:00:00,80.45
2014-02-28 06:00:00,160.45000000000002
2014-02-28 07:00:00,190.44
2014-02-28 08:00:00,112.76
2014-02-28 09:00:00,44.19
2014-02-28 10:00:00,64.57000000000001
2014-02-28 11:00:00,49.88
2014-02-28 12:00:00,33.47
2014-02-28 13:00:00,30.14
2014-02-28 14:00:00,29.71
2014-02-28 15:00:00,33.99
2014-02-28 16:00:00,34.92
2014-02-28 17:00:00,38.45
2014-02-28 18:00:00,31.85
2014-02-28 19:00:00,64.1
2014-02-28 20:00:00,35.68
2014-02-28 21:00:00,37.47
2014-02-28 22:00:00,31.01
2014-02-28 23:00:00,30.12
2014-03-01 00:00:00,44.88
2014-03-01 01:00:00,42.86
2014-03-01 02:00:00,41.18
2014-03-01 03:00:00,39.0
2014-03-01 04:00:00,35.86
2014-03-01 05:00:00,31.88
2014-03-01 06:00:00,48.09
2014-03-01 07:00:00,32.18
2014-03-01 08:00:00,66.86
2014-03-01 09:00:00,53.13
2014-03-01 10:00:00,51.6
2014-03-01 11:00:00,47.41
2014-03-01 12:00:00,35.1
2014-03-01 13:00:00,31.75
2014-03-01 14:00:00,30.87
2014-03-01 15:00:00,42.81
2014-03-01 16:00:00,31.42
2014-03-01 17:00:00,43.14
2014-03-01 18:00:00,50.01
2014-03-01 19:00:00,58.82
2014-03-01 20:00:00,38.68
2014-03-01 21:00:00,34.28
2014-03-01 22:00:00,37.35
2014-03-01 23:00:00,32.51
2014-03-02 00:00:00,32.2
2014-03-02 01:00:00,30.29
2014-03-02 02:00:00,47.4
2014-03-02 03:00:00,35.03
2014-03-02 04:00:00,28.47
2014-03-02 05:00:00,26.29
2014-03-02 06:00:00,27.27
2014-03-02 07:00:00,33.7
2014-03-02 08:00:00,29.03
2014-03-02 09:00:00,46.41
2014-03-02 10:00:00,55.65
2014-03-02 11:00:00,73.82000000000001
2014-03-02 12:00:00,64.59
2014-03-02 13:00:00,40.51
2014-03-02 14:00:00,33.67
2014-03-02 15:00:00,35.12
2014-03-02 16:00:00,35.36
2014-03-02 17:00:00,45.78
2014-03-02 18:00:00,45.14
2014-03-02 19:00:00,151.6
2014-03-02 20:00:00,119.05
2014-03-02 21:00:00,43.44
2014-03-02 22:00:00,44.83
2014-03-02 23:00:00,42.25
2014-03-03 00:00:00,37.83
2014-03-03 01:00:00,36.14
2014-03-03 02:00:00,36.12
2014-03-03 03:00:00,39.32
2014-03-03 04:00:00,36.22
2014-03-03 05:00:00,42.97
2014-03-03 06:00:00,104.36
2014-03-03 07:00:00,121.65
2014-03-03 08:00:00,181.14
2014-03-03 09:00:00,219.24
2014-03-03 10:00:00,164.52
2014-03-03 11:00:00,135.39000000000001
2014-03-03 12:00:00,111.17
2014-03-03 13:00:00,66.84
2014-03-03 14:00:00,60.47
2014-03-03 15:00:00,37.02
2014-03-03 16:00:00,38.480000000000004
2014-03-03 17:00:00,49.12
2014-03-03 18:00:00,81.11
2014-03-03 19:00:00,535.88
2014-03-03 20:00:00,174.97
2014-03-03 21:00:00,137.02
2014-03-03 22:00:00,140.5
2014-03-03 23:00:00,51.49
2014-03-04 00:00:00,117.97
2014-03-04 01:00:00,57.8
2014-03-04 02:00:00,60.6
2014-03-04 03:00:00,61.32
2014-03-04 04:00:00,59.77
2014-03-04 05:00:00,53.75
2014-03-04 06:00:00,90.18
2014-03-04 07:00:00,160.03
2014-03-04 08:00:00,68.3
2014-03-04 09:00:00,70.93
2014-03-04 10:00:00,111.23
2014-03-04 11:00:00,134.16
2014-03-04 12:00:00,81.25
2014-03-04 13:00:00,57.95
2014-03-04 14:00:00,46.52
2014-03-04 15:00:00,47.31
2014-03-04 16:00:00,50.64
2014-03-04 17:00:00,40.35
2014-03-04 18:00:00,72.13
2014-03-04 19:00:00,114.2
2014-03-04 20:00:00,74.71000000000001
2014-03-04 21:00:00,86.56
2014-03-04 22:00:00,49.44
2014-03-04 23:00:00,48.66
2014-03-05 00:00:00,46.74
2014-03-05 01:00:00,44.16
2014-03-05 02:00:00,46.11
2014-03-05 03:00:00,38.39
2014-03-05 04:00:00,41.8
2014-03-05 05:00:00,38.32
2014-03-05 06:00:00,61.59
2014-03-05 07:00:00,76.8
2014-03-05 08:00:00,64.21000000000001
2014-03-05 09:00:00,53.71
2014-03-05 10:00:00,79.8
2014-03-05 11:00:00,69.49
2014-03-05 12:00:00,67.52
2014-03-05 13:00:00,48.14
2014-03-05 14:00:00,38.54
2014-03-05 15:00:00,43.52
2014-03-05 16:00:00,43.53
2014-03-05 17:00:00,53.29
2014-03-05 18:00:00,56.75
2014-03-05 19:00:00,118.0
2014-03-05 20:00:00,83.84
2014-03-05 21:00:00,79.08
2014-03-05 22:00:00,40.88
2014-03-05 23:00:00,42.59
2014-03-06 00:00:00,27.75
2014-03-06 01:00:00,24.83
2014-03-06 02:00:00,27.51
2014-03-06 03:00:00,25.51
2014-03-06 04:00:00,29.47
2014-03-06 05:00:00,33.32
2014-03-06 06:00:00,48.58
2014-03-06 07:00:00,55.18
2014-03-06 08:00:00,46.22
2014-03-06 09:00:00,47.96
2014-03-06 10:00:00,64.04
2014-03-06 11:00:00,86.8
2014-03-06 12:00:00,74.09
2014-03-06 13:00:00,33.56
2014-03-06 14:00:00,30.5
2014-03-06 15:00:00,27.32
2014-03-06 16:00:00,28.35
2014-03-06 17:00:00,33.19
2014-03-06 18:00:00,41.23
2014-03-06 19:00:00,99.32
2014-03-06 20:00:00,78.27
2014-03-06 21:00:00,40.25
2014-03-06 22:00:00,31.96
2014-03-06 23:00:00,28.36
2014-03-07 00:00:00,21.93
2014-03-07 01:00:00,26.67
2014-03-07 02:00:00,26.14
2014-03-07 03:00:00,30.54
2014-03-07 04:00:00,30.52
2014-03-07 05:00:00,38.93
2014-03-07 06:00:00,46.89
2014-03-07 07:00:00,60.93
2014-03-07 08:00:00,45.95
2014-03-07 09:00:00,39.06
2014-03-07 10:00:00,38.4
2014-03-07 11:00:00,52.91
2014-03-07 12:00:00,30.53
2014-03-07 13:00:00,26.61
2014-03-07 14:00:00,27.24
2014-03-07 15:00:00,24.66
2014-03-07 16:00:00,25.91
2014-03-07 17:00:00,24.76
2014-03-07 18:00:00,30.02
2014-03-07 19:00:00,38.58
2014-03-07 20:00:00,30.56
2014-03-07 21:00:00,30.91
2014-03-07 22:00:00,32.29
2014-03-07 23:00:00,27.23
2014-03-08 00:00:00,24.33
2014-03-08 01:00:00,27.12
2014-03-08 02:00:00,24.56
2014-03-08 03:00:00,28.93
2014-03-08 04:00:00,27.25
2014-03-08 05:00:00,42.45
2014-03-08 06:00:00,31.58
2014-03-08 07:00:00,51.77
2014-03-08 08:00:00,75.8
2014-03-08 09:00:00,65.07000000000001
2014-03-08 10:00:00,62.85
2014-03-08 11:00:00,42.1
2014-03-08 12:00:00,38.44
2014-03-08 13:00:00,33.37
2014-03-08 14:00:00,30.26
2014-03-08 15:00:00,32.11
2014-03-08 16:00:00,32.22
2014-03-08 17:00:00,37.07
2014-03-08 18:00:00,69.74
2014-03-08 19:00:00,76.06
2014-03-08 20:00:00,43.68
2014-03-08 21:00:00,34.88
2014-03-08 22:00:00,35.18
2014-03-08 23:00:00,26.47
2014-03-09 00:00:00,30.26
2014-03-09 01:00:00,26.69
2014-03-09 02:00:00,24.18
2014-03-09 03:00:00,20.21
2014-03-09 04:00:00,22.88
2014-03-09 05:00:00,22.4
2014-03-09 06:00:00,22.93
2014-03-09 07:00:00,26.38
2014-03-09 08:00:00,25.77
2014-03-09 09:00:00,25.01
2014-03-09 10:00:00,38.730000000000004
2014-03-09 11:00:00,38.28
2014-03-09 12:00:00,34.63
2014-03-09 13:00:00,22.17
2014-03-09 14:00:00,21.17
2014-03-09 15:00:00,22.42
2014-03-09 16:00:00,26.14
2014-03-09 17:00:00,25.66
2014-03-09 18:00:00,29.66
2014-03-09 19:00:00,207.14
2014-03-09 20:00:00,30.69
2014-03-09 21:00:00,46.08
2014-03-09 22:00:00,25.99
2014-03-09 23:00:00,23.37
2014-03-10 00:00:00,22.18
2014-03-10 01:00:00,21.34
2014-03-10 02:00:00,22.37
2014-03-10 03:00:00,22.97
2014-03-10 04:00:00,25.49
2014-03-10 05:00:00,42.91
2014-03-10 06:00:00,153.87
2014-03-10 07:00:00,73.76
2014-03-10 08:00:00,44.81
2014-03-10 09:00:00,63.18
2014-03-10 10:00:00,56.75
2014-03-10 11:00:00,44.48
2014-03-10 12:00:00,41.22
2014-03-10 13:00:00,41.87
2014-03-10 14:00:00,33.2
2014-03-10 15:00:00,31.66
2014-03-10 16:00:00,33.4
2014-03-10 17:00:00,34.07
2014-03-10 18:00:00,41.38
2014-03-10 19:00:00,85.46
2014-03-10 20:00:00,37.39
2014-03-10 21:00:00,27.54
2014-03-10 22:00:00,25.38
2014-03-10 23:00:00,24.18
2014-03-11 00:00:00,19.48
2014-03-11 01:00:00,18.94
2014-03-11 02:00:00,17.490000000000002
2014-03-11 03:00:00,17.41
2014-03-11 04:00:00,20.56
2014-03-11 05:00:00,30.52
2014-03-11 06:00:00,35.03
2014-03-11 07:00:00,30.02
2014-03-11 08:00:00,24.99
2014-03-11 09:00:00,26.12
2014-03-11 10:00:00,25.41
2014-03-11 11:00:00,24.4
2014-03-11 12:00:00,25.81
2014-03-11 13:00:00,26.24
2014-03-11 14:00:00,24.56
2014-03-11 15:00:00,24.63
2014-03-11 16:00:00,25.41
2014-03-11 17:00:00,24.69
2014-03-11 18:00:00,23.51
2014-03-11 19:00:00,37.79
2014-03-11 20:00:00,26.68
2014-03-11 21:00:00,22.57
2014-03-11 22:00:00,21.9
2014-03-11 23:00:00,17.78
2014-03-12 00:00:00,12.77
2014-03-12 01:00:00,10.34
2014-03-12 02:00:00,14.82
2014-03-12 03:00:00,17.900000000000002
2014-03-12 04:00:00,18.96
2014-03-12 05:00:00,78.17
2014-03-12 06:00:00,33.85
2014-03-12 07:00:00,36.06
2014-03-12 08:00:00,36.28
2014-03-12 09:00:00,33.76
2014-03-12 10:00:00,42.3
2014-03-12 11:00:00,42.49
2014-03-12 12:00:00,56.72
2014-03-12 13:00:00,35.01
2014-03-12 14:00:00,30.74
2014-03-12 15:00:00,28.47
2014-03-12 16:00:00,29.3
2014-03-12 17:00:00,31.18
2014-03-12 18:00:00,80.92
2014-03-12 19:00:00,172.54
2014-03-12 20:00:00,48.84
2014-03-12 21:00:00,33.5
2014-03-12 22:00:00,31.34
2014-03-12 23:00:00,28.91
2014-03-13 00:00:00,26.99
2014-03-13 01:00:00,26.87
2014-03-13 02:00:00,23.46
2014-03-13 03:00:00,30.13
2014-03-13 04:00:00,32.59
2014-03-13 05:00:00,93.89
2014-03-13 06:00:00,112.85
2014-03-13 07:00:00,56.26
2014-03-13 08:00:00,66.01
2014-03-13 09:00:00,91.17
2014-03-13 10:00:00,40.14
2014-03-13 11:00:00,43.43
2014-03-13 12:00:00,31.44
2014-03-13 13:00:00,26.35
2014-03-13 14:00:00,21.09
2014-03-13 15:00:00,18.990000000000002
2014-03-13 16:00:00,21.02
2014-03-13 17:00:00,22.12
2014-03-13 18:00:00,25.68
2014-03-13 19:00:00,26.52
2014-03-13 20:00:00,23.81
2014-03-13 21:00:00,16.98
2014-03-13 22:00:00,15.75
2014-03-13 23:00:00,12.34
2014-03-14 00:00:00,7.91
2014-03-14 01:00:00,19.5
2014-03-14 02:00:00,35.7
2014-03-14 03:00:00,24.69
2014-03-14 04:00:00,20.71
2014-03-14 05:00:00,28.35
2014-03-14 06:00:00,55.44
2014-03-14 07:00:00,30.73
2014-03-14 08:00:00,27.19
2014-03-14 09:00:00,24.4
2014-03-14 10:00:00,25.05
2014-03-14 11:00:00,24.16
2014-03-14 12:00:00,25.93
2014-03-14 13:00:00,22.48
2014-03-14 14:00:00,22.16
2014-03-14 15:00:00,21.77
2014-03-14 16:00:00,23.88
2014-03-14 17:00:00,24.98
2014-03-14 18:00:00,30.89
2014-03-14 19:00:00,63.28
2014-03-14 20:00:00,30.37
2014-03-14 21:00:00,28.73
2014-03-14 22:00:00,28.47
2014-03-14 23:00:00,27.51
2014-03-15 00:00:00,24.7
2014-03-15 01:00:00,26.18
2014-03-15 02:00:00,25.88
2014-03-15 03:00:00,25.72
2014-03-15 04:00:00,25.53
2014-03-15 05:00:00,26.26
2014-03-15 06:00:00,30.3
2014-03-15 07:00:00,33.58
2014-03-15 08:00:00,37.22
2014-03-15 09:00:00,39.28
2014-03-15 10:00:00,49.05
2014-03-15 11:00:00,35.75
2014-03-15 12:00:00,29.08
2014-03-15 13:00:00,27.18
2014-03-15 14:00:00,32.42
2014-03-15 15:00:00,24.63
2014-03-15 16:00:00,25.1
2014-03-15 17:00:00,26.21
2014-03-15 18:00:00,42.94
2014-03-15 19:00:00,118.11
2014-03-15 20:00:00,32.93
2014-03-15 21:00:00,28.45
2014-03-15 22:00:00,27.17
2014-03-15 23:00:00,25.43
2014-03-16 00:00:00,23.96
2014-03-16 01:00:00,23.48
2014-03-16 02:00:00,22.66
2014-03-16 03:00:00,24.13
2014-03-16 04:00:00,35.78
2014-03-16 05:00:00,48.39
2014-03-16 06:00:00,25.88
2014-03-16 07:00:00,25.63
2014-03-16 08:00:00,34.26
2014-03-16 09:00:00,40.22
2014-03-16 10:00:00,104.05
2014-03-16 11:00:00,38.27
2014-03-16 12:00:00,38.99
2014-03-16 13:00:00,34.68
2014-03-16 14:00:00,47.73
2014-03-16 15:00:00,36.660000000000004
2014-03-16 16:00:00,41.11
2014-03-16 17:00:00,35.47
2014-03-16 18:00:00,42.57
2014-03-16 19:00:00,144.56
2014-03-16 20:00:00,179.19
2014-03-16 21:00:00,77.59
2014-03-16 22:00:00,33.21
2014-03-16 23:00:00,26.81
2014-03-17 00:00:00,28.41
2014-03-17 01:00:00,24.06
2014-03-17 02:00:00,23.97
2014-03-17 03:00:00,26.57
2014-03-17 04:00:00,27.83
2014-03-17 05:00:00,35.59
2014-03-17 06:00:00,43.57
2014-03-17 07:00:00,40.910000000000004
2014-03-17 08:00:00,128.77
2014-03-17 09:00:00,48.91
2014-03-17 10:00:00,46.33
2014-03-17 11:00:00,40.33
2014-03-17 12:00:00,39.36
2014-03-17 13:00:00,33.11
2014-03-17 14:00:00,28.28
2014-03-17 15:00:00,28.33
2014-03-17 16:00:00,26.82
2014-03-17 17:00:00,30.37
2014-03-17 18:00:00,32.54
2014-03-17 19:00:00,44.47
2014-03-17 20:00:00,38.49
2014-03-17 21:00:00,27.28
2014-03-17 22:00:00,23.24
2014-03-17 23:00:00,25.78
2014-03-18 00:00:00,22.06
2014-03-18 01:00:00,22.1
2014-03-18 02:00:00,23.08
2014-03-18 03:00:00,25.03
2014-03-18 04:00:00,30.79
2014-03-18 05:00:00,39.17
2014-03-18 06:00:00,253.84
2014-03-18 07:00:00,89.46
2014-03-18 08:00:00,40.08
2014-03-18 09:00:00,39.5
2014-03-18 10:00:00,37.87
2014-03-18 11:00:00,45.11
2014-03-18 12:00:00,80.08
2014-03-18 13:00:00,32.28
2014-03-18 14:00:00,31.0
2014-03-18 15:00:00,29.24
2014-03-18 16:00:00,29.95
2014-03-18 17:00:00,29.75
2014-03-18 18:00:00,28.34
2014-03-18 19:00:00,34.24
2014-03-18 20:00:00,31.3
2014-03-18 21:00:00,28.95
2014-03-18 22:00:00,24.28
2014-03-18 23:00:00,22.78
2014-03-19 00:00:00,18.490000000000002
2014-03-19 01:00:00,19.650000000000002
2014-03-19 02:00:00,19.37
2014-03-19 03:00:00,22.05
2014-03-19 04:00:00,20.1
2014-03-19 05:00:00,29.7
2014-03-19 06:00:00,41.77
2014-03-19 07:00:00,27.57
2014-03-19 08:00:00,32.06
2014-03-19 09:00:00,31.34
2014-03-19 10:00:00,32.64
2014-03-19 11:00:00,30.49
2014-03-19 12:00:00,30.15
2014-03-19 13:00:00,29.69
2014-03-19 14:00:00,28.25
2014-03-19 15:00:00,32.02
2014-03-19 16:00:00,33.52
2014-03-19 17:00:00,35.03
2014-03-19 18:00:00,81.87
2014-03-19 19:00:00,95.85
2014-03-19 20:00:00,57.8
2014-03-19 21:00:00,41.25
2014-03-19 22:00:00,36.57
2014-03-19 23:00:00,48.87
2014-03-20 00:00:00,27.29
2014-03-20 01:00:00,28.95
2014-03-20 02:00:00,28.25
2014-03-20 03:00:00,28.83
2014-03-20 04:00:00,30.13
2014-03-20 05:00:00,38.910000000000004
2014-03-20 06:00:00,100.57
2014-03-20 07:00:00,55.08
2014-03-20 08:00:00,96.62
2014-03-20 09:00:00,43.0
2014-03-20 10:00:00,50.6
2014-03-20 11:00:00,43.83
2014-03-20 12:00:00,51.02
2014-03-20 13:00:00,43.17
2014-03-20 14:00:00,47.07
2014-03-20 15:00:00,51.01
2014-03-20 16:00:00,48.22
2014-03-20 17:00:00,32.94
2014-03-20 18:00:00,47.65
2014-03-20 19:00:00,74.86
2014-03-20 20:00:00,33.410000000000004
2014-03-20 21:00:00,28.26
2014-03-20 22:00:00,38.36
2014-03-20 23:00:00,26.59
2014-03-21 00:00:00,18.330000000000002
2014-03-21 01:00:00,16.92
2014-03-21 02:00:00,20.68
2014-03-21 03:00:00,19.17
2014-03-21 04:00:00,20.54
2014-03-21 05:00:00,47.98
2014-03-21 06:00:00,84.68
2014-03-21 07:00:00,33.63
2014-03-21 08:00:00,34.33
2014-03-21 09:00:00,34.33
2014-03-21 10:00:00,30.91
2014-03-21 11:00:00,28.17
2014-03-21 12:00:00,25.81
2014-03-21 13:00:00,26.61
2014-03-21 14:00:00,23.2
2014-03-21 15:00:00,20.02
2014-03-21 16:00:00,20.58
2014-03-21 17:00:00,20.65
2014-03-21 18:00:00,22.51
2014-03-21 19:00:00,30.12
2014-03-21 20:00:00,24.22
2014-03-21 21:00:00,20.38
2014-03-21 22:00:00,43.65
2014-03-21 23:00:00,34.52
2014-03-22 00:00:00,15.3
2014-03-22 01:00:00,18.8
2014-03-22 02:00:00,19.79
2014-03-22 03:00:00,17.84
2014-03-22 04:00:00,21.74
2014-03-22 05:00:00,22.8
2014-03-22 06:00:00,24.0
2014-03-22 07:00:00,24.95
2014-03-22 08:00:00,29.04
2014-03-22 09:00:00,28.78
2014-03-22 10:00:00,29.1
2014-03-22 11:00:00,29.97
2014-03-22 12:00:00,27.78
2014-03-22 13:00:00,26.5
2014-03-22 14:00:00,26.75
2014-03-22 15:00:00,26.12
2014-03-22 16:00:00,25.79
2014-03-22 17:00:00,26.03
2014-03-22 18:00:00,36.77
2014-03-22 19:00:00,103.2
2014-03-22 20:00:00,30.22
2014-03-22 21:00:00,43.74
2014-03-22 22:00:00,26.81
2014-03-22 23:00:00,28.37
2014-03-23 00:00:00,30.41
2014-03-23 01:00:00,31.94
2014-03-23 02:00:00,31.19
2014-03-23 03:00:00,30.8
2014-03-23 04:00:00,31.69
2014-03-23 05:00:00,34.0
2014-03-23 06:00:00,35.36
2014-03-23 07:00:00,38.88
2014-03-23 08:00:00,39.81
2014-03-23 09:00:00,47.06
2014-03-23 10:00:00,37.730000000000004
2014-03-23 11:00:00,35.47
2014-03-23 12:00:00,31.57
2014-03-23 13:00:00,29.72
2014-03-23 14:00:00,28.62
2014-03-23 15:00:00,28.25
2014-03-23 16:00:00,29.04
2014-03-23 17:00:00,29.91
2014-03-23 18:00:00,31.2
2014-03-23 19:00:00,46.61
2014-03-23 20:00:00,46.42
2014-03-23 21:00:00,38.39
2014-03-23 22:00:00,31.61
2014-03-23 23:00:00,32.54
2014-03-24 00:00:00,35.53
2014-03-24 01:00:00,33.19
2014-03-24 02:00:00,30.77
2014-03-24 03:00:00,31.19
2014-03-24 04:00:00,42.07
2014-03-24 05:00:00,45.85
2014-03-24 06:00:00,42.4
2014-03-24 07:00:00,53.02
2014-03-24 08:00:00,41.49
2014-03-24 09:00:00,39.67
2014-03-24 10:00:00,39.49
2014-03-24 11:00:00,36.39
2014-03-24 12:00:00,35.42
2014-03-24 13:00:00,33.56
2014-03-24 14:00:00,30.72
2014-03-24 15:00:00,29.49
2014-03-24 16:00:00,27.69
2014-03-24 17:00:00,28.38
2014-03-24 18:00:00,28.52
2014-03-24 19:00:00,31.93
2014-03-24 20:00:00,31.14
2014-03-24 21:00:00,31.18
2014-03-24 22:00:00,27.07
2014-03-24 23:00:00,26.17
2014-03-25 00:00:00,25.65
2014-03-25 01:00:00,27.85
2014-03-25 02:00:00,24.28
2014-03-25 03:00:00,22.11
2014-03-25 04:00:00,25.78
2014-03-25 05:00:00,32.49
2014-03-25 06:00:00,39.85
2014-03-25 07:00:00,37.97
2014-03-25 08:00:00,39.65
2014-03-25 09:00:00,42.55
2014-03-25 10:00:00,40.550000000000004
2014-03-25 11:00:00,41.94
2014-03-25 12:00:00,35.82
2014-03-25 13:00:00,37.050000000000004
2014-03-25 14:00:00,33.4
2014-03-25 15:00:00,36.89
2014-03-25 16:00:00,45.46
2014-03-25 17:00:00,41.99
2014-03-25 18:00:00,39.59
2014-03-25 19:00:00,120.89
2014-03-25 20:00:00,53.5
2014-03-25 21:00:00,57.41
2014-03-25 22:00:00,41.79
2014-03-25 23:00:00,34.68
2014-03-26 00:00:00,39.63
2014-03-26 01:00:00,35.75
2014-03-26 02:00:00,30.44
2014-03-26 03:00:00,31.21
2014-03-26 04:00:00,55.33
2014-03-26 05:00:00,80.92
2014-03-26 06:00:00,52.05
2014-03-26 07:00:00,45.74
2014-03-26 08:00:00,37.19
2014-03-26 09:00:00,38.45
2014-03-26 10:00:00,30.44
2014-03-26 11:00:00,33.11
2014-03-26 12:00:00,34.75
2014-03-26 13:00:00,31.87
2014-03-26 14:00:00,26.14
2014-03-26 15:00:00,23.93
2014-03-26 16:00:00,23.47
2014-03-26 17:00:00,24.42
2014-03-26 18:00:00,30.83
2014-03-26 19:00:00,60.08
2014-03-26 20:00:00,30.31
2014-03-26 21:00:00,25.08
2014-03-26 22:00:00,24.09
2014-03-26 23:00:00,21.5
2014-03-27 00:00:00,15.81
2014-03-27 01:00:00,29.06
2014-03-27 02:00:00,19.71
2014-03-27 03:00:00,18.66
2014-03-27 04:00:00,23.4
2014-03-27 05:00:00,31.78
2014-03-27 06:00:00,37.96
2014-03-27 07:00:00,37.800000000000004
2014-03-27 08:00:00,38.33
2014-03-27 09:00:00,52.33
2014-03-27 10:00:00,36.04
2014-03-27 11:00:00,37.77
2014-03-27 12:00:00,32.81
2014-03-27 13:00:00,32.230000000000004
2014-03-27 14:00:00,32.26
2014-03-27 15:00:00,33.6
2014-03-27 16:00:00,34.59
2014-03-27 17:00:00,31.52
2014-03-27 18:00:00,31.27
2014-03-27 19:00:00,35.08
2014-03-27 20:00:00,28.9
2014-03-27 21:00:00,24.31
2014-03-27 22:00:00,17.36
2014-03-27 23:00:00,16.18
2014-03-28 00:00:00,17.64
2014-03-28 01:00:00,19.48
2014-03-28 02:00:00,20.43
2014-03-28 03:00:00,20.13
2014-03-28 04:00:00,22.96
2014-03-28 05:00:00,25.19
2014-03-28 06:00:00,37.86
2014-03-28 07:00:00,38.6
2014-03-28 08:00:00,45.06
2014-03-28 09:00:00,45.72
2014-03-28 10:00:00,49.28
2014-03-28 11:00:00,49.02
2014-03-28 12:00:00,40.94
2014-03-28 13:00:00,38.83
2014-03-28 14:00:00,34.29
2014-03-28 15:00:00,32.15
2014-03-28 16:00:00,31.26
2014-03-28 17:00:00,30.14
2014-03-28 18:00:00,30.58
2014-03-28 19:00:00,35.06
2014-03-28 20:00:00,35.15
2014-03-28 21:00:00,30.8
2014-03-28 22:00:00,30.59
2014-03-28 23:00:00,28.31
2014-03-29 00:00:00,36.9
2014-03-29 01:00:00,27.1
2014-03-29 02:00:00,26.53
2014-03-29 03:00:00,26.55
2014-03-29 04:00:00,26.88
2014-03-29 05:00:00,27.67
2014-03-29 06:00:00,30.73
2014-03-29 07:00:00,32.56
2014-03-29 08:00:00,42.62
2014-03-29 09:00:00,47.08
2014-03-29 10:00:00,201.12
2014-03-29 11:00:00,49.98
2014-03-29 12:00:00,39.59
2014-03-29 13:00:00,35.46
2014-03-29 14:00:00,33.08
2014-03-29 15:00:00,29.77
2014-03-29 16:00:00,56.19
2014-03-29 17:00:00,27.02
2014-03-29 18:00:00,24.64
2014-03-29 19:00:00,24.64
2014-03-29 20:00:00,28.86
2014-03-29 21:00:00,24.66
2014-03-29 22:00:00,19.240000000000002
2014-03-29 23:00:00,21.05
2014-03-30 00:00:00,28.5
2014-03-30 01:00:00,14.7
2014-03-30 02:00:00,16.43
2014-03-30 03:00:00,56.83
2014-03-30 04:00:00,15.34
2014-03-30 05:00:00,16.53
2014-03-30 06:00:00,25.81
2014-03-30 07:00:00,56.18
2014-03-30 08:00:00,41.55
2014-03-30 09:00:00,35.63
2014-03-30 10:00:00,25.66
2014-03-30 11:00:00,19.36
2014-03-30 12:00:00,32.26
2014-03-30 13:00:00,47.53
2014-03-30 14:00:00,21.16
2014-03-30 15:00:00,67.07000000000001
2014-03-30 16:00:00,37.64
2014-03-30 17:00:00,19.2
2014-03-30 18:00:00,20.87
2014-03-30 19:00:00,52.18
2014-03-30 20:00:00,62.11
2014-03-30 21:00:00,24.57
2014-03-30 22:00:00,20.07
2014-03-30 23:00:00,16.580000000000002
2014-03-31 00:00:00,7.77
2014-03-31 01:00:00,4.93
2014-03-31 02:00:00,9.92
2014-03-31 03:00:00,11.43
2014-03-31 04:00:00,21.29
2014-03-31 05:00:00,52.26
2014-03-31 06:00:00,47.8
2014-03-31 07:00:00,26.33
2014-03-31 08:00:00,27.34
2014-03-31 09:00:00,25.89
2014-03-31 10:00:00,27.64
2014-03-31 11:00:00,25.31
2014-03-31 12:00:00,24.05
2014-03-31 13:00:00,23.58
2014-03-31 14:00:00,23.09
2014-03-31 15:00:00,21.61
2014-03-31 16:00:00,23.05
2014-03-31 17:00:00,22.87
2014-03-31 18:00:00,25.24
2014-03-31 19:00:00,25.64
2014-03-31 20:00:00,24.31
2014-03-31 21:00:00,21.32
2014-03-31 22:00:00,19.32
2014-03-31 23:00:00,16.36
2014-04-01 00:00:00,4.32
2014-04-01 01:00:00,0.35
2014-04-01 02:00:00,16.080000000000002
2014-04-01 03:00:00,11.87
2014-04-01 04:00:00,16.03
2014-04-01 05:00:00,24.88
2014-04-01 06:00:00,37.12
2014-04-01 07:00:00,31.65
2014-04-01 08:00:00,29.1
2014-04-01 09:00:00,29.8
2014-04-01 10:00:00,30.42
2014-04-01 11:00:00,33.06
2014-04-01 12:00:00,36.19
2014-04-01 13:00:00,30.37
2014-04-01 14:00:00,30.98
2014-04-01 15:00:00,32.35
2014-04-01 16:00:00,33.6
2014-04-01 17:00:00,35.6
2014-04-01 18:00:00,37.94
2014-04-01 19:00:00,88.26
2014-04-01 20:00:00,43.0
2014-04-01 21:00:00,35.03
2014-04-01 22:00:00,32.230000000000004
2014-04-01 23:00:00,29.94
2014-04-02 00:00:00,30.19
2014-04-02 01:00:00,28.47
2014-04-02 02:00:00,27.47
2014-04-02 03:00:00,27.37
2014-04-02 04:00:00,30.28
2014-04-02 05:00:00,64.23
2014-04-02 06:00:00,128.06
2014-04-02 07:00:00,55.2
2014-04-02 08:00:00,268.68
2014-04-02 09:00:00,38.97
2014-04-02 10:00:00,145.68
2014-04-02 11:00:00,36.6
2014-04-02 12:00:00,34.78
2014-04-02 13:00:00,31.84
2014-04-02 14:00:00,28.67
2014-04-02 15:00:00,29.05
2014-04-02 16:00:00,29.99
2014-04-02 17:00:00,28.78
2014-04-02 18:00:00,30.57
2014-04-02 19:00:00,31.54
2014-04-02 20:00:00,33.83
2014-04-02 21:00:00,27.09
2014-04-02 22:00:00,32.730000000000004
2014-04-02 23:00:00,47.41
2014-04-03 00:00:00,17.72
2014-04-03 01:00:00,18.48
2014-04-03 02:00:00,18.86
2014-04-03 03:00:00,22.91
2014-04-03 04:00:00,24.34
2014-04-03 05:00:00,36.1
2014-04-03 06:00:00,44.79
2014-04-03 07:00:00,40.13
2014-04-03 08:00:00,45.5
2014-04-03 09:00:00,53.08
2014-04-03 10:00:00,80.64
2014-04-03 11:00:00,86.88
2014-04-03 12:00:00,82.86
2014-04-03 13:00:00,121.13
2014-04-03 14:00:00,38.81
2014-04-03 15:00:00,52.51
2014-04-03 16:00:00,45.07
2014-04-03 17:00:00,49.04
2014-04-03 18:00:00,42.9
2014-04-03 19:00:00,97.89
2014-04-03 20:00:00,57.01
2014-04-03 21:00:00,34.160000000000004
2014-04-03 22:00:00,31.31
2014-04-03 23:00:00,28.7
2014-04-04 00:00:00,36.49
2014-04-04 01:00:00,26.39
2014-04-04 02:00:00,26.96
2014-04-04 03:00:00,24.32
2014-04-04 04:00:00,24.36
2014-04-04 05:00:00,30.9
2014-04-04 06:00:00,46.71
2014-04-04 07:00:00,38.77
2014-04-04 08:00:00,39.93
2014-04-04 09:00:00,42.45
2014-04-04 10:00:00,42.58
2014-04-04 11:00:00,41.51
2014-04-04 12:00:00,37.99
2014-04-04 13:00:00,38.22
2014-04-04 14:00:00,32.0
2014-04-04 15:00:00,31.04
2014-04-04 16:00:00,32.69
2014-04-04 17:00:00,32.31
2014-04-04 18:00:00,32.52
2014-04-04 19:00:00,39.75
2014-04-04 20:00:00,40.49
2014-04-04 21:00:00,38.19
2014-04-04 22:00:00,34.4
2014-04-04 23:00:00,30.74
2014-04-05 00:00:00,29.77
2014-04-05 01:00:00,28.36
2014-04-05 02:00:00,27.56
2014-04-05 03:00:00,27.65
2014-04-05 04:00:00,27.37
2014-04-05 05:00:00,28.21
2014-04-05 06:00:00,28.99
2014-04-05 07:00:00,30.83
2014-04-05 08:00:00,32.81
2014-04-05 09:00:00,30.07
2014-04-05 10:00:00,27.82
2014-04-05 11:00:00,28.04
2014-04-05 12:00:00,27.7
2014-04-05 13:00:00,26.67
2014-04-05 14:00:00,25.11
2014-04-05 15:00:00,22.41
2014-04-05 16:00:00,23.44
2014-04-05 17:00:00,22.65
2014-04-05 18:00:00,22.83
2014-04-05 19:00:00,27.28
2014-04-05 20:00:00,26.03
2014-04-05 21:00:00,22.8
2014-04-05 22:00:00,19.38
2014-04-05 23:00:00,18.740000000000002
2014-04-06 00:00:00,19.46
2014-04-06 01:00:00,19.61
2014-04-06 02:00:00,18.48
2014-04-06 03:00:00,20.02
2014-04-06 04:00:00,18.06
2014-04-06 05:00:00,18.900000000000002
2014-04-06 06:00:00,23.73
2014-04-06 07:00:00,25.83
2014-04-06 08:00:00,27.8
2014-04-06 09:00:00,28.27
2014-04-06 10:00:00,28.41
2014-04-06 11:00:00,28.06
2014-04-06 12:00:00,27.81
2014-04-06 13:00:00,27.57
2014-04-06 14:00:00,26.46
2014-04-06 15:00:00,27.41
2014-04-06 16:00:00,28.12
2014-04-06 17:00:00,29.11
2014-04-06 18:00:00,31.29
2014-04-06 19:00:00,32.72
2014-04-06 20:00:00,33.39
2014-04-06 21:00:00,30.85
2014-04-06 22:00:00,27.48
2014-04-06 23:00:00,27.62
2014-04-07 00:00:00,27.13
2014-04-07 01:00:00,26.28
2014-04-07 02:00:00,26.41
2014-04-07 03:00:00,26.5
2014-04-07 04:00:00,28.28
2014-04-07 05:00:00,37.76
2014-04-07 06:00:00,56.02
2014-04-07 07:00:00,41.13
2014-04-07 08:00:00,41.21
2014-04-07 09:00:00,91.62
2014-04-07 10:00:00,44.68
2014-04-07 11:00:00,55.47
2014-04-07 12:00:00,60.07
2014-04-07 13:00:00,41.64
2014-04-07 14:00:00,36.47
2014-04-07 15:00:00,33.45
2014-04-07 16:00:00,31.41
2014-04-07 17:00:00,29.51
2014-04-07 18:00:00,30.91
2014-04-07 19:00:00,36.31
2014-04-07 20:00:00,38.09
2014-04-07 21:00:00,25.39
2014-04-07 22:00:00,20.05
2014-04-07 23:00:00,20.16
2014-04-08 00:00:00,21.27
2014-04-08 01:00:00,20.59
2014-04-08 02:00:00,18.75
2014-04-08 03:00:00,21.38
2014-04-08 04:00:00,24.68
2014-04-08 05:00:00,40.230000000000004
2014-04-08 06:00:00,52.55
2014-04-08 07:00:00,35.27
2014-04-08 08:00:00,32.77
2014-04-08 09:00:00,28.11
2014-04-08 10:00:00,28.93
2014-04-08 11:00:00,27.4
2014-04-08 12:00:00,27.0
2014-04-08 13:00:00,26.8
2014-04-08 14:00:00,25.87
2014-04-08 15:00:00,26.05
2014-04-08 16:00:00,27.05
2014-04-08 17:00:00,28.2
2014-04-08 18:00:00,30.29
2014-04-08 19:00:00,36.6
2014-04-08 20:00:00,38.58
2014-04-08 21:00:00,31.61
2014-04-08 22:00:00,28.13
2014-04-08 23:00:00,27.37
2014-04-09 00:00:00,24.47
2014-04-09 01:00:00,23.83
2014-04-09 02:00:00,23.92
2014-04-09 03:00:00,23.35
2014-04-09 04:00:00,24.9
2014-04-09 05:00:00,55.08
2014-04-09 06:00:00,43.47
2014-04-09 07:00:00,37.77
2014-04-09 08:00:00,38.44
2014-04-09 09:00:00,32.19
2014-04-09 10:00:00,29.09
2014-04-09 11:00:00,28.36
2014-04-09 12:00:00,27.51
2014-04-09 13:00:00,27.0
2014-04-09 14:00:00,23.93
2014-04-09 15:00:00,21.99
2014-04-09 16:00:00,19.92
2014-04-09 17:00:00,20.41
2014-04-09 18:00:00,26.36
2014-04-09 19:00:00,28.6
2014-04-09 20:00:00,30.85
2014-04-09 21:00:00,34.300000000000004
2014-04-09 22:00:00,29.01
2014-04-09 23:00:00,21.01
2014-04-10 00:00:00,8.59
2014-04-10 01:00:00,5.54
2014-04-10 02:00:00,9.11
2014-04-10 03:00:00,9.700000000000001
2014-04-10 04:00:00,13.01
2014-04-10 05:00:00,24.16
2014-04-10 06:00:00,39.74
2014-04-10 07:00:00,38.82
2014-04-10 08:00:00,37.12
2014-04-10 09:00:00,33.09
2014-04-10 10:00:00,30.89
2014-04-10 11:00:00,27.37
2014-04-10 12:00:00,25.69
2014-04-10 13:00:00,25.57
2014-04-10 14:00:00,25.65
2014-04-10 15:00:00,26.31
2014-04-10 16:00:00,30.94
2014-04-10 17:00:00,30.28
2014-04-10 18:00:00,33.86
2014-04-10 19:00:00,76.82000000000001
2014-04-10 20:00:00,41.11
2014-04-10 21:00:00,38.76
2014-04-10 22:00:00,29.99
2014-04-10 23:00:00,28.46
2014-04-11 00:00:00,26.43
2014-04-11 01:00:00,25.47
2014-04-11 02:00:00,23.47
2014-04-11 03:00:00,31.39
2014-04-11 04:00:00,25.04
2014-04-11 05:00:00,27.48
2014-04-11 06:00:00,33.55
2014-04-11 07:00:00,39.980000000000004
2014-04-11 08:00:00,40.94
2014-04-11 09:00:00,41.99
2014-04-11 10:00:00,38.57
2014-04-11 11:00:00,66.58
2014-04-11 12:00:00,46.31
2014-04-11 13:00:00,43.13
2014-04-11 14:00:00,49.69
2014-04-11 15:00:00,73.73
2014-04-11 16:00:00,50.77
2014-04-11 17:00:00,51.03
2014-04-11 18:00:00,36.32
2014-04-11 19:00:00,33.44
2014-04-11 20:00:00,32.21
2014-04-11 21:00:00,27.95
2014-04-11 22:00:00,24.86
2014-04-11 23:00:00,18.54
2014-04-12 00:00:00,10.95
2014-04-12 01:00:00,15.84
2014-04-12 02:00:00,5.55
2014-04-12 03:00:00,15.49
2014-04-12 04:00:00,17.900000000000002
2014-04-12 05:00:00,15.26
2014-04-12 06:00:00,15.18
2014-04-12 07:00:00,25.1
2014-04-12 08:00:00,27.82
2014-04-12 09:00:00,29.37
2014-04-12 10:00:00,30.41
2014-04-12 11:00:00,32.5
2014-04-12 12:00:00,30.29
2014-04-12 13:00:00,37.69
2014-04-12 14:00:00,31.79
2014-04-12 15:00:00,31.85
2014-04-12 16:00:00,32.79
2014-04-12 17:00:00,31.08
2014-04-12 18:00:00,30.05
2014-04-12 19:00:00,40.7
2014-04-12 20:00:00,30.28
2014-04-12 21:00:00,24.81
2014-04-12 22:00:00,26.0
2014-04-12 23:00:00,24.33
2014-04-13 00:00:00,19.31
2014-04-13 01:00:00,20.6
2014-04-13 02:00:00,20.81
2014-04-13 03:00:00,20.2
2014-04-13 04:00:00,15.95
2014-04-13 05:00:00,13.86
2014-04-13 06:00:00,14.81
2014-04-13 07:00:00,19.3
2014-04-13 08:00:00,23.13
2014-04-13 09:00:00,26.04
2014-04-13 10:00:00,27.83
2014-04-13 11:00:00,29.07
2014-04-13 12:00:00,23.9
2014-04-13 13:00:00,22.68
2014-04-13 14:00:00,23.32
2014-04-13 15:00:00,23.89
2014-04-13 16:00:00,26.47
2014-04-13 17:00:00,25.29
2014-04-13 18:00:00,26.4
2014-04-13 19:00:00,32.17
2014-04-13 20:00:00,26.31
2014-04-13 21:00:00,24.12
2014-04-13 22:00:00,21.32
2014-04-13 23:00:00,19.92
2014-04-14 00:00:00,16.580000000000002
2014-04-14 01:00:00,14.05
2014-04-14 02:00:00,12.61
2014-04-14 03:00:00,13.5
2014-04-14 04:00:00,21.71
2014-04-14 05:00:00,44.27
2014-04-14 06:00:00,44.63
2014-04-14 07:00:00,43.11
2014-04-14 08:00:00,58.1
2014-04-14 09:00:00,32.8
2014-04-14 10:00:00,37.2
2014-04-14 11:00:00,31.92
2014-04-14 12:00:00,50.2
2014-04-14 13:00:00,37.33
2014-04-14 14:00:00,55.3
2014-04-14 15:00:00,50.21
2014-04-14 16:00:00,39.26
2014-04-14 17:00:00,29.1
2014-04-14 18:00:00,35.34
2014-04-14 19:00:00,36.660000000000004
2014-04-14 20:00:00,35.42
2014-04-14 21:00:00,34.96
2014-04-14 22:00:00,33.29
2014-04-14 23:00:00,33.0
2014-04-15 00:00:00,51.39
2014-04-15 01:00:00,28.27
2014-04-15 02:00:00,26.48
2014-04-15 03:00:00,28.31
2014-04-15 04:00:00,28.57
2014-04-15 05:00:00,46.64
2014-04-15 06:00:00,93.7
2014-04-15 07:00:00,129.01
2014-04-15 08:00:00,53.04
2014-04-15 09:00:00,52.95
2014-04-15 10:00:00,46.11
2014-04-15 11:00:00,45.71
2014-04-15 12:00:00,74.42
2014-04-15 13:00:00,40.160000000000004
2014-04-15 14:00:00,34.51
2014-04-15 15:00:00,30.970000000000006
2014-04-15 16:00:00,33.88
2014-04-15 17:00:00,38.38
2014-04-15 18:00:00,39.21
2014-04-15 19:00:00,59.86
2014-04-15 20:00:00,47.19
2014-04-15 21:00:00,32.26
2014-04-15 22:00:00,36.52
2014-04-15 23:00:00,28.74
2014-04-16 00:00:00,31.28
2014-04-16 01:00:00,56.81
2014-04-16 02:00:00,24.63
2014-04-16 03:00:00,20.150000000000002
2014-04-16 04:00:00,20.66
2014-04-16 05:00:00,52.02
2014-04-16 06:00:00,47.28
2014-04-16 07:00:00,40.87
2014-04-16 08:00:00,34.77
2014-04-16 09:00:00,38.75
2014-04-16 10:00:00,32.11
2014-04-16 11:00:00,30.19
2014-04-16 12:00:00,28.74
2014-04-16 13:00:00,28.59
2014-04-16 14:00:00,27.23
2014-04-16 15:00:00,25.99
2014-04-16 16:00:00,27.2
2014-04-16 17:00:00,28.42
2014-04-16 18:00:00,30.75
2014-04-16 19:00:00,35.59
2014-04-16 20:00:00,35.910000000000004
2014-04-16 21:00:00,31.17
2014-04-16 22:00:00,21.66
2014-04-16 23:00:00,18.94
2014-04-17 00:00:00,13.37
2014-04-17 01:00:00,19.75
2014-04-17 02:00:00,17.84
2014-04-17 03:00:00,21.34
2014-04-17 04:00:00,25.83
2014-04-17 05:00:00,27.52
2014-04-17 06:00:00,44.44
2014-04-17 07:00:00,40.64
2014-04-17 08:00:00,46.27
2014-04-17 09:00:00,40.36
2014-04-17 10:00:00,41.16
2014-04-17 11:00:00,36.9
2014-04-17 12:00:00,38.34
2014-04-17 13:00:00,38.730000000000004
2014-04-17 14:00:00,37.07
2014-04-17 15:00:00,35.81
2014-04-17 16:00:00,32.88
2014-04-17 17:00:00,31.83
2014-04-17 18:00:00,40.38
2014-04-17 19:00:00,35.77
2014-04-17 20:00:00,37.81
2014-04-17 21:00:00,30.65
2014-04-17 22:00:00,28.19
2014-04-17 23:00:00,25.1
2014-04-18 00:00:00,23.26
2014-04-18 01:00:00,24.63
2014-04-18 02:00:00,23.64
2014-04-18 03:00:00,23.38
2014-04-18 04:00:00,25.4
2014-04-18 05:00:00,27.74
2014-04-18 06:00:00,32.230000000000004
2014-04-18 07:00:00,41.89
2014-04-18 08:00:00,41.63
2014-04-18 09:00:00,38.63
2014-04-18 10:00:00,33.0
2014-04-18 11:00:00,35.52
2014-04-18 12:00:00,39.56
2014-04-18 13:00:00,45.21
2014-04-18 14:00:00,34.01
2014-04-18 15:00:00,31.51
2014-04-18 16:00:00,26.91
2014-04-18 17:00:00,23.14
2014-04-18 18:00:00,21.44
2014-04-18 19:00:00,28.21
2014-04-18 20:00:00,51.43
2014-04-18 21:00:00,20.3
2014-04-18 22:00:00,17.5
2014-04-18 23:00:00,15.02
2014-04-19 00:00:00,15.49
2014-04-19 01:00:00,9.19
2014-04-19 02:00:00,11.81
2014-04-19 03:00:00,14.22
2014-04-19 04:00:00,13.97
2014-04-19 05:00:00,16.94
2014-04-19 06:00:00,18.05
2014-04-19 07:00:00,19.7
2014-04-19 08:00:00,22.34
2014-04-19 09:00:00,25.3
2014-04-19 10:00:00,22.07
2014-04-19 11:00:00,20.04
2014-04-19 12:00:00,19.51
2014-04-19 13:00:00,20.29
2014-04-19 14:00:00,21.1
2014-04-19 15:00:00,22.56
2014-04-19 16:00:00,24.08
2014-04-19 17:00:00,26.18
2014-04-19 18:00:00,27.13
2014-04-19 19:00:00,31.95
2014-04-19 20:00:00,30.9
2014-04-19 21:00:00,27.95
2014-04-19 22:00:00,23.5
2014-04-19 23:00:00,15.72
2014-04-20 00:00:00,13.56
2014-04-20 01:00:00,13.67
2014-04-20 02:00:00,13.64
2014-04-20 03:00:00,15.610000000000003
2014-04-20 04:00:00,19.14
2014-04-20 05:00:00,21.64
2014-04-20 06:00:00,20.56
2014-04-20 07:00:00,25.44
2014-04-20 08:00:00,28.16
2014-04-20 09:00:00,28.86
2014-04-20 10:00:00,33.08
2014-04-20 11:00:00,29.59
2014-04-20 12:00:00,29.04
2014-04-20 13:00:00,28.09
2014-04-20 14:00:00,26.98
2014-04-20 15:00:00,28.02
2014-04-20 16:00:00,29.57
2014-04-20 17:00:00,31.24
2014-04-20 18:00:00,31.09
2014-04-20 19:00:00,38.49
2014-04-20 20:00:00,34.42
2014-04-20 21:00:00,30.79
2014-04-20 22:00:00,24.59
2014-04-20 23:00:00,20.05
2014-04-21 00:00:00,21.73
2014-04-21 01:00:00,22.36
2014-04-21 02:00:00,22.01
2014-04-21 03:00:00,21.97
2014-04-21 04:00:00,23.28
2014-04-21 05:00:00,28.48
2014-04-21 06:00:00,36.71
2014-04-21 07:00:00,39.69
2014-04-21 08:00:00,49.09
2014-04-21 09:00:00,44.9
2014-04-21 10:00:00,50.56
2014-04-21 11:00:00,44.75
2014-04-21 12:00:00,40.39
2014-04-21 13:00:00,38.47
2014-04-21 14:00:00,35.33
2014-04-21 15:00:00,32.82
2014-04-21 16:00:00,31.01
2014-04-21 17:00:00,31.91
2014-04-21 18:00:00,34.34
2014-04-21 19:00:00,76.5
2014-04-21 20:00:00,36.54
2014-04-21 21:00:00,30.6
2014-04-21 22:00:00,24.72
2014-04-21 23:00:00,22.27
2014-04-22 00:00:00,20.63
2014-04-22 01:00:00,21.63
2014-04-22 02:00:00,20.79
2014-04-22 03:00:00,23.8
2014-04-22 04:00:00,26.03
2014-04-22 05:00:00,33.31
2014-04-22 06:00:00,37.44
2014-04-22 07:00:00,40.87
2014-04-22 08:00:00,47.7
2014-04-22 09:00:00,40.35
2014-04-22 10:00:00,41.64
2014-04-22 11:00:00,42.68
2014-04-22 12:00:00,55.45
2014-04-22 13:00:00,63.74
2014-04-22 14:00:00,52.23
2014-04-22 15:00:00,55.21
2014-04-22 16:00:00,54.17
2014-04-22 17:00:00,51.52
2014-04-22 18:00:00,40.51
2014-04-22 19:00:00,44.37
2014-04-22 20:00:00,48.58
2014-04-22 21:00:00,36.230000000000004
2014-04-22 22:00:00,28.64
2014-04-22 23:00:00,0.0
2014-04-23 00:00:00,21.8
2014-04-23 01:00:00,21.19
2014-04-23 02:00:00,20.43
2014-04-23 03:00:00,18.650000000000002
2014-04-23 04:00:00,21.36
2014-04-23 05:00:00,25.58
2014-04-23 06:00:00,37.06
2014-04-23 07:00:00,40.54
2014-04-23 08:00:00,35.71
2014-04-23 09:00:00,35.99
2014-04-23 10:00:00,38.660000000000004
2014-04-23 11:00:00,36.83
2014-04-23 12:00:00,35.9
2014-04-23 13:00:00,38.6
2014-04-23 14:00:00,42.59
2014-04-23 15:00:00,35.11
2014-04-23 16:00:00,43.87
2014-04-23 17:00:00,62.96
2014-04-23 18:00:00,101.07
2014-04-23 19:00:00,107.44
2014-04-23 20:00:00,122.73
2014-04-23 21:00:00,96.84
2014-04-23 22:00:00,24.11
2014-04-23 23:00:00,19.75
2014-04-24 00:00:00,17.88
2014-04-24 01:00:00,20.64
2014-04-24 02:00:00,20.01
2014-04-24 03:00:00,21.07
2014-04-24 04:00:00,26.18
2014-04-24 05:00:00,40.27
2014-04-24 06:00:00,64.81
2014-04-24 07:00:00,52.01
2014-04-24 08:00:00,187.37
2014-04-24 09:00:00,49.64
2014-04-24 10:00:00,44.52
2014-04-24 11:00:00,43.17
2014-04-24 12:00:00,68.44
2014-04-24 13:00:00,42.79
2014-04-24 14:00:00,42.56
2014-04-24 15:00:00,39.79
2014-04-24 16:00:00,42.21
2014-04-24 17:00:00,46.38
2014-04-24 18:00:00,67.32000000000001
2014-04-24 19:00:00,159.52
2014-04-24 20:00:00,81.7
2014-04-24 21:00:00,42.53
2014-04-24 22:00:00,36.5
2014-04-24 23:00:00,30.5
2014-04-25 00:00:00,26.87
2014-04-25 01:00:00,26.26
2014-04-25 02:00:00,25.15
2014-04-25 03:00:00,23.4
2014-04-25 04:00:00,27.95
2014-04-25 05:00:00,35.06
2014-04-25 06:00:00,33.42
2014-04-25 07:00:00,36.15
2014-04-25 08:00:00,66.18
2014-04-25 09:00:00,45.38
2014-04-25 10:00:00,50.58
2014-04-25 11:00:00,47.64
2014-04-25 12:00:00,47.45
2014-04-25 13:00:00,57.2
2014-04-25 14:00:00,43.32
2014-04-25 15:00:00,54.57
2014-04-25 16:00:00,50.46
2014-04-25 17:00:00,47.15
2014-04-25 18:00:00,37.53
2014-04-25 19:00:00,45.24
2014-04-25 20:00:00,52.77
2014-04-25 21:00:00,36.5
2014-04-25 22:00:00,39.28
2014-04-25 23:00:00,27.25
2014-04-26 00:00:00,20.97
2014-04-26 01:00:00,20.86
2014-04-26 02:00:00,19.17
2014-04-26 03:00:00,20.99
2014-04-26 04:00:00,22.69
2014-04-26 05:00:00,23.68
2014-04-26 06:00:00,24.31
2014-04-26 07:00:00,29.97
2014-04-26 08:00:00,32.46
2014-04-26 09:00:00,40.0
2014-04-26 10:00:00,33.85
2014-04-26 11:00:00,31.28
2014-04-26 12:00:00,28.34
2014-04-26 13:00:00,25.53
2014-04-26 14:00:00,26.05
2014-04-26 15:00:00,24.38
2014-04-26 16:00:00,22.11
2014-04-26 17:00:00,23.3
2014-04-26 18:00:00,24.38
2014-04-26 19:00:00,30.93
2014-04-26 20:00:00,33.980000000000004
2014-04-26 21:00:00,30.99
2014-04-26 22:00:00,23.37
2014-04-26 23:00:00,23.55
2014-04-27 00:00:00,21.7
2014-04-27 01:00:00,19.13
2014-04-27 02:00:00,18.79
2014-04-27 03:00:00,19.59
2014-04-27 04:00:00,18.580000000000002
2014-04-27 05:00:00,38.77
2014-04-27 06:00:00,18.59
2014-04-27 07:00:00,22.04
2014-04-27 08:00:00,28.14
2014-04-27 09:00:00,30.13
2014-04-27 10:00:00,30.44
2014-04-27 11:00:00,29.24
2014-04-27 12:00:00,29.32
2014-04-27 13:00:00,29.07
2014-04-27 14:00:00,28.66
2014-04-27 15:00:00,28.15
2014-04-27 16:00:00,26.89
2014-04-27 17:00:00,30.43
2014-04-27 18:00:00,31.23
2014-04-27 19:00:00,69.57000000000001
2014-04-27 20:00:00,128.85
2014-04-27 21:00:00,26.92
2014-04-27 22:00:00,23.99
2014-04-27 23:00:00,21.94
2014-04-28 00:00:00,18.96
2014-04-28 01:00:00,20.65
2014-04-28 02:00:00,21.3
2014-04-28 03:00:00,21.48
2014-04-28 04:00:00,23.51
2014-04-28 05:00:00,35.6
2014-04-28 06:00:00,70.19
2014-04-28 07:00:00,41.0
2014-04-28 08:00:00,43.71
2014-04-28 09:00:00,43.84
2014-04-28 10:00:00,43.25
2014-04-28 11:00:00,42.48
2014-04-28 12:00:00,42.39
2014-04-28 13:00:00,42.48
2014-04-28 14:00:00,50.2
2014-04-28 15:00:00,40.7
2014-04-28 16:00:00,54.4
2014-04-28 17:00:00,47.81
2014-04-28 18:00:00,44.86
2014-04-28 19:00:00,46.28
2014-04-28 20:00:00,47.18
2014-04-28 21:00:00,36.76
2014-04-28 22:00:00,28.07
2014-04-28 23:00:00,29.7
2014-04-29 00:00:00,26.82
2014-04-29 01:00:00,23.91
2014-04-29 02:00:00,23.33
2014-04-29 03:00:00,22.83
2014-04-29 04:00:00,25.41
2014-04-29 05:00:00,58.87
2014-04-29 06:00:00,103.27
2014-04-29 07:00:00,55.61
2014-04-29 08:00:00,51.32
2014-04-29 09:00:00,41.33
2014-04-29 10:00:00,48.21
2014-04-29 11:00:00,40.12
2014-04-29 12:00:00,37.6
2014-04-29 13:00:00,38.94
2014-04-29 14:00:00,37.43
2014-04-29 15:00:00,35.050000000000004
2014-04-29 16:00:00,36.01
2014-04-29 17:00:00,34.47
2014-04-29 18:00:00,40.64
2014-04-29 19:00:00,44.58
2014-04-29 20:00:00,82.07
2014-04-29 21:00:00,36.78
2014-04-29 22:00:00,28.39
2014-04-29 23:00:00,28.26
